GeneID,log2FC_Col0_leaf_protoplast,Col0.leaf.vs.protoplast_q_value
AT5G12030,7.76683214,1.92E-27
AT1G53540,7.378443106,1.80E-26
AT3G12580,6.98545529,4.16E-23
AT1G76680,6.443542972,2.78E-21
AT3G28210,6.344957848,5.11E-35
AT5G12020,6.312819457,7.20E-23
AT1G07400,6.028664559,4.11E-26
AT3G46230,5.883843016,2.30E-21
AT4G39670,5.832460213,7.73E-13
AT3G25250,5.826563859,3.00E-31
AT3G01830,5.611104382,5.43E-05
AT2G26150,5.568860524,4.21E-25
AT5G52640,5.471550043,7.40E-17
AT1G59860,5.38348066,3.96E-19
AT1G28480,5.322928336,2.64E-13
AT5G05220,5.278312728,4.93E-08
AT5G63790,5.268138072,2.50E-15
AT4G37990,5.248542098,1.20E-25
AT1G74310,5.201779457,1.16E-21
AT5G49480,5.163884593,9.85E-16
AT3G25760,5.091087477,4.37E-21
AT1G01720,5.08489869,4.71E-09
AT2G01008,5.065189464,2.81E-24
AT1G05100,5.01895917,2.48E-14
AT3G24500,5.012119679,1.31E-19
AT2G29420,4.936375888,3.43E-17
AT1G22810,4.891901714,1.20E-09
AT4G22880,4.815712947,8.36E-13
AT5G08790,4.78082426,8.50E-12
AT5G42380,4.762881272,0.000252334
AT2G29500,4.712335482,1.31E-10
AT4G01870,4.712093493,1.02E-11
AT3G09440,4.663008806,8.37E-22
AT5G16960,4.660552384,3.56E-23
AT4G14365,4.653516576,8.48E-08
AT4G36950,4.599225211,5.53E-23
AT1G01060,4.559105039,5.01E-19
AT5G01380,4.551663919,1.25E-05
AT5G11650,4.545165996,1.19E-11
AT2G15480,4.504153057,4.69E-19
AT3G25780,4.459429494,8.81E-07
AT3G21150,4.449209192,1.02E-13
AT4G21990,4.442238858,6.93E-21
AT5G41740,4.438504793,6.84E-12
AT2G25460,4.420384404,0.003798535
AT4G33930,4.413318213,5.95E-17
AT2G38240,4.407924357,9.49E-07
AT2G20560,4.401582021,3.43E-14
AT5G64750,4.400716903,0.000525852
AT1G07160,4.388967322,2.26E-16
AT4G14690,4.379457162,2.22E-10
AT1G17170,4.376568962,7.30E-17
AT4G33905,4.365705027,4.32E-13
AT3G12320,4.3596985,4.08E-15
AT4G05010,4.357756365,2.46E-11
AT1G63860,4.317987091,6.18E-14
AT3G22840,4.31779083,5.40E-07
AT3G25770,4.315783492,6.01E-15
AT4G34131,4.288375435,3.86E-18
AT2G32190,4.241613301,0.001360504
AT5G48540,4.237987154,3.40E-19
AT1G17420,4.194501669,1.13E-05
AT1G71000,4.185490559,1.73E-09
AT3G56790,4.144377711,1.29E-05
AT2G47140,4.135913819,1.48E-09
AT3G23250,4.115804565,0.000277108
AT3G07090,4.086122457,7.58E-19
AT2G31865,4.080505068,3.27E-13
AT5G54165,4.04617523,1.53E-09
AT2G20880,4.043794608,0.00040683
AT2G45680,4.021285199,3.28E-14
AT2G02010,3.997941064,3.12E-06
AT1G71520,3.986948733,9.37E-08
AT5G59820,3.974134776,5.99E-10
AT1G07000,3.949725071,1.14E-07
AT4G24380,3.941219293,0.000489738
AT4G37370,3.932088043,1.89E-21
AT5G13220,3.917181106,2.31E-11
AT1G76690,3.908396773,2.03E-13
AT2G22470,3.874800914,7.64E-06
AT3G15518,3.874759379,1.32E-05
AT2G16586,3.870178614,5.17E-07
AT2G29440,3.869785757,1.01E-08
AT1G56660,3.859074222,0.00103909
AT3G08720,3.855340071,1.15E-05
AT4G14370,3.854541955,1.99E-14
AT1G17380,3.846731395,8.35E-05
AT1G51670,3.845109058,3.41E-07
AT1G16030,3.844993558,6.94E-10
AT5G35735,3.83483326,1.71E-06
AT3G23230,3.829291688,1.39E-09
AT5G17000,3.810674679,3.75E-16
AT5G51440,3.810156997,3.32E-07
AT1G19025,3.800089375,9.95E-15
AT5G52760,3.782278046,0.002145731
AT5G48390,3.780156625,4.45E-25
AT1G26560,3.767034184,6.19E-19
AT3G18950,3.764176535,8.03E-17
AT1G07500,3.757915762,3.23E-05
AT2G46830,3.752884985,2.98E-09
AT4G36990,3.748193294,1.02E-11
AT3G15540,3.742465447,9.62E-08
AT1G01340,3.728625604,9.31E-12
AT5G63320,3.724771568,7.08E-10
AT4G34400,3.720590124,1.96E-14
AT1G32910,3.713239898,2.03E-07
AT5G59550,3.697737839,2.18E-08
AT3G04620,3.694728296,1.02E-09
ATMG00665,3.690891868,0.000391152
AT1G04770,3.688062703,6.84E-07
AT4G24160,3.680561266,4.16E-10
AT1G19020,3.676649097,5.27E-10
AT3G44190,3.666918239,2.99E-08
AT2G37970,3.660968138,7.29E-10
AT2G29450,3.658107892,2.03E-13
AT5G64120,3.655761853,1.66E-05
AT5G63550,3.649686497,4.19E-16
AT3G45660,3.649154696,1.23E-13
AT5G64310,3.628285099,1.76E-08
AT5G15660,3.621747501,1.06E-14
AT4G18950,3.615318101,6.11E-12
AT2G24600,3.613372065,4.15E-05
AT4G34135,3.610806085,4.16E-07
AT1G09157,3.594623763,3.66E-13
AT5G42650,3.588334564,3.79E-12
AT5G44050,3.585610592,6.57E-14
AT2G46400,3.574004803,0.000110086
AT2G29460,3.566428458,7.14E-11
AT4G25200,3.554659865,6.69E-08
AT3G57530,3.554312047,1.01E-06
AT2G27270,3.549746044,1.93E-10
AT2G32210,3.539528352,0.000716781
AT4G31800,3.538559716,4.59E-05
AT2G38470,3.532630255,1.64E-05
AT5G44060,3.527698756,2.49E-15
AT4G05100,3.526930524,0.005666226
AT1G28380,3.522555855,8.68E-10
AT5G42800,3.522322132,5.93E-12
AT4G38410,3.509163337,0.00618296
AT3G46080,3.502968493,0.017920462
AT4G36010,3.500180327,0.000153247
AT1G02930,3.493242867,9.99E-07
AT1G10370,3.485693028,1.83E-06
AT3G05500,3.47208735,2.95E-09
AT4G17615,3.471093364,4.30E-07
AT3G53830,3.459984711,1.41E-16
AT2G41010,3.451140669,0.000901481
AT2G31945,3.428743467,1.34E-05
AT3G25730,3.419021399,2.16E-09
AT4G12400,3.416442313,1.54E-10
AT5G48570,3.414080653,2.51E-08
AT1G56510,3.412492487,4.08E-08
AT2G33580,3.411030794,8.46E-05
AT5G25930,3.402228559,1.60E-14
AT4G18170,3.389007596,1.37E-06
AT1G56060,3.384961037,0.009632364
AT3G17609,3.383864429,0.000141655
AT5G03210,3.379479814,0.007050728
AT5G24660,3.357691275,2.96E-05
AT1G23710,3.355892616,4.81E-06
AT4G23770,3.355569271,3.70E-06
AT3G45650,3.351124977,2.02E-07
AT5G20230,3.343486711,1.76E-05
AT5G56980,3.329787672,2.75E-07
AT5G01820,3.309655178,5.86E-13
AT5G02490,3.308410976,2.95E-17
AT4G22590,3.298349773,5.55E-07
AT5G54710,3.296502171,6.25E-06
AT1G01560,3.286345561,0.005411423
AT5G59720,3.278446987,7.03E-06
AT1G62180,3.274307109,2.97E-07
AT1G77450,3.26393126,3.89E-07
AT2G36220,3.257766245,1.08E-05
AT3G13310,3.246665557,4.51E-13
AT1G27770,3.235364754,0.000157716
AT5G05600,3.233652221,3.43E-07
AT4G22780,3.231383144,1.87E-07
AT4G34150,3.2291969,0.000537512
AT5G05410,3.225573155,0.00014787
AT4G08555,3.225331351,0.003352482
AT4G37730,3.22011092,2.50E-08
AT1G74400,3.219944037,4.28E-13
AT1G77390,3.217606183,1.21E-12
AT1G73510,3.21727279,0.000461162
AT1G15430,3.216768413,9.35E-10
AT5G46470,3.215256212,4.10E-12
AT1G22220,3.209596896,3.04E-10
AT1G09932,3.200968788,0.001159022
AT4G20390,3.196795801,1.88E-06
AT2G16720,3.196690393,2.09E-06
AT1G15520,3.190502928,2.35E-31
AT2G30766,3.173598996,0.04096155
AT5G03380,3.170939659,5.02E-10
AT1G75860,3.163125725,7.81E-10
AT1G05680,3.162287777,1.17E-10
AT2G13790,3.161167926,1.48E-09
AT1G73870,3.161069281,2.75E-09
AT1G65390,3.156994636,2.65E-05
AT3G07195,3.155202986,0.006086535
AT5G46910,3.155108467,1.02E-09
AT1G17180,3.142841398,1.16E-09
AT1G28190,3.133688339,1.34E-08
AT3G23920,3.133215666,4.25E-08
AT5G49520,3.131606491,0.009050039
AT4G27350,3.126083735,1.17E-10
AT5G44070,3.118755211,7.81E-10
AT3G21070,3.116057192,8.43E-08
AT1G13650,3.114241347,0.011272393
AT2G01180,3.113023344,2.50E-08
AT5G03630,3.10727334,3.39E-06
AT5G54860,3.099379993,1.74E-08
AT1G09940,3.09292713,6.04E-07
AT5G49700,3.088629633,3.22E-05
AT1G73080,3.084884795,2.43E-08
AT4G23190,3.0814785,8.24E-07
AT1G55920,3.078717727,4.64E-10
AT3G49570,3.07782619,2.21E-05
AT1G71697,3.070148008,3.83E-08
AT1G37130,3.069292194,0.000752045
AT1G56650,3.06605114,1.03E-07
AT3G28740,3.064938124,9.37E-08
AT5G55090,3.055888539,1.71E-06
AT2G47520,3.048805353,2.26E-07
AT2G45760,3.047687721,8.65E-05
AT5G24810,3.045939454,2.55E-12
AT5G13700,3.037395726,4.45E-08
AT4G35110,3.030569624,3.56E-07
AT5G62020,3.027437926,9.10E-05
AT5G01730,3.025317822,1.76E-12
AT4G21440,3.025263134,0.001129381
AT3G25180,3.024200717,3.13E-07
AT1G12370,3.022679706,2.58E-09
AT2G37430,2.993648871,0.002484398
AT1G78070,2.988793111,0.018097602
AT4G04610,2.983903112,1.39E-06
AT3G09350,2.980495003,5.99E-09
AT1G76600,2.978402545,1.00E-05
AT5G66210,2.970426921,1.24E-05
AT1G61800,2.969842111,2.55E-08
AT5G11670,2.966409402,2.76E-05
AT5G28630,2.965170576,3.66E-06
AT1G54050,2.964947012,9.40E-08
AT3G62260,2.957267393,0.001445128
AT5G02270,2.946616856,8.53E-11
AT3G06500,2.944963412,2.27E-06
AT5G01100,2.943126528,0.003330368
AT4G26701,2.941398452,6.74E-05
AT2G26530,2.940895456,1.19E-06
AT1G07590,2.938737483,2.91E-06
AT2G20625,2.936879053,8.81E-07
AT5G27420,2.932205543,0.000208936
AT2G27310,2.931953608,3.43E-07
AT1G71760,2.928769267,9.74E-08
AT5G62570,2.928498191,3.44E-06
AT1G80520,2.921943199,0.000424484
AT1G20510,2.921788542,5.83E-06
AT1G65490,2.919410878,0.044213291
AT2G47060,2.91902888,1.80E-08
AT1G32640,2.916582551,3.95E-07
AT1G53170,2.916301927,1.85E-06
AT5G52750,2.913571287,0.000166356
AT2G06050,2.909260366,2.73E-10
AT3G09830,2.898620506,3.60E-07
AT4G10040,2.896709011,9.40E-08
AT3G44630,2.895342334,3.49E-08
AT3G07150,2.893691737,1.77E-05
AT5G57010,2.88981291,0.012477298
ATMG01120,2.886215248,1.18E-06
AT3G23240,2.885270669,2.70E-06
AT1G77500,2.877255732,2.67E-08
AT3G03030,2.874838117,1.42E-10
AT1G05675,2.873194081,7.39E-07
AT5G66620,2.872338304,4.03E-06
AT4G34390,2.870168233,8.86E-07
AT5G47230,2.866802679,1.32E-07
AT4G25340,2.859525754,2.82E-09
AT1G56140,2.855114128,3.61E-06
AT5G54720,2.853846015,0.001741707
AT3G15200,2.853082673,8.26E-07
AT5G13190,2.849865523,1.65E-05
AT1G74430,2.847780352,9.98E-08
AT2G24100,2.846565245,5.27E-06
AT4G17230,2.846460976,8.07E-05
AT5G48450,2.844351061,1.42E-09
AT4G34470,2.840081185,6.89E-05
AT4G17490,2.836029204,2.72E-07
AT2G36950,2.830476615,5.75E-05
AT2G35658,2.828830844,0.018801154
AT5G25450,2.828538128,3.36E-06
AT1G63820,2.819808931,2.00E-06
AT5G66630,2.818621427,2.00E-08
AT5G47910,2.812731184,0.002317659
AT5G41750,2.810935057,2.64E-05
AT3G09600,2.800008921,7.22E-07
AT2G44500,2.791797724,2.83E-05
AT2G46270,2.772695267,0.005272565
AT4G12005,2.77201188,0.009125185
AT5G40460,2.771838601,8.39E-05
AT1G11960,2.765820948,0.001709606
AT5G54470,2.763433198,0.003352482
AT1G29340,2.761472471,3.99E-06
AT2G20750,2.761386665,0.000537468
AT1G70000,2.75481448,2.77E-06
AT4G27790,2.751679983,6.41E-09
AT1G48405,2.745414366,3.33E-09
AT5G18400,2.744473944,1.67E-08
AT1G09970,2.742989077,1.52E-07
AT2G39420,2.741404906,2.94E-06
AT3G10300,2.74121301,1.13E-05
AT4G12720,2.740544724,0.000236518
AT3G08970,2.736616222,9.44E-10
AT1G19450,2.735932236,7.25E-10
AT1G31540,2.73359173,4.61E-09
AT3G54500,2.732622366,4.89E-08
AT5G16010,2.727308821,7.13E-06
AT3G19970,2.722822885,1.17E-07
AT3G02840,2.720722579,0.022756417
AT5G07990,2.719377089,9.62E-06
AT1G67360,2.70965159,8.93E-09
AT5G41100,2.70325774,9.94E-09
AT3G47960,2.702127261,8.64E-08
AT5G01760,2.699689829,6.61E-05
AT5G01700,2.699054577,4.36E-06
AT2G33100,2.696241569,7.31E-17
AT3G15354,2.693765276,1.61E-12
AT5G15950,2.692796571,9.62E-06
AT1G10650,2.689734363,1.97E-09
AT1G18740,2.688420796,0.000379367
AT1G72520,2.684368246,0.019138422
AT2G24490,2.683321311,7.29E-10
AT1G20823,2.679411559,1.08E-05
AT4G10250,2.679364448,4.73E-05
AT1G17870,2.678357105,3.42E-10
AT5G16980,2.678065948,5.56E-05
AT5G39580,2.677658857,0.040757674
AT3G57880,2.675645563,1.84E-07
AT4G39030,2.666701809,1.39E-06
AT2G18690,2.656482127,0.025622146
AT1G29680,2.654696691,1.22E-07
AT2G34660,2.651109269,1.91E-09
AT5G16910,2.649081687,1.01E-05
AT5G17220,2.644009874,0.001363102
AT3G50260,2.639820236,0.003052888
AT5G66850,2.63864509,1.27E-06
AT1G76380,2.63656436,2.53E-08
AT4G24110,2.635690542,0.003016784
AT4G21940,2.634214567,1.80E-05
AT1G61340,2.628700507,0.011319543
AT5G55660,2.62720482,2.10E-07
AT3G04010,2.626167862,0.000521099
AT2G38250,2.621177076,2.70E-06
AT4G39360,2.619943234,0.038980366
AT1G19180,2.608659158,0.007367363
AT1G01010,2.604253017,5.37E-05
AT2G32120,2.601829272,1.96E-08
AT4G01250,2.599394269,0.004017052
AT2G46790,2.596168946,4.72E-05
AT5G28610,2.583944697,0.037704987
AT1G08930,2.582665993,9.82E-06
AT3G01060,2.57988896,1.32E-06
AT5G44210,2.576614868,0.000894997
AT3G26910,2.574194997,2.27E-07
AT2G39200,2.571412552,0.010097619
AT4G23220,2.570901397,2.90E-05
AT4G33940,2.570450503,4.23E-08
AT1G59910,2.567908275,0.000194592
AT2G40140,2.562221021,0.004161956
AT1G50740,2.561801397,1.54E-05
AT5G35688,2.561003825,0.002271436
AT2G41905,2.560010293,0.038567287
AT5G48655,2.559213925,2.35E-06
AT1G10040,2.558372416,4.52E-06
AT2G47950,2.557924884,0.013425721
AT4G34410,2.555307664,0.024377499
AT1G19210,2.547190953,0.013938665
AT3G51450,2.544742036,2.67E-08
AT1G17360,2.54425211,5.52E-08
AT4G34440,2.542454533,3.45E-13
AT1G08310,2.541774758,3.71E-06
AT5G67370,2.540675503,9.71E-05
AT5G58120,2.539105395,3.13E-06
AT3G04410,2.539027595,0.000810088
ATMG00670,2.537414463,0.000194592
AT5G53050,2.537098843,1.38E-06
AT1G29690,2.536427329,3.23E-05
AT1G51620,2.53459544,0.000163326
AT3G25230,2.523837629,4.67E-08
AT4G12000,2.522666344,8.94E-05
AT1G68440,2.51963645,1.16E-06
AT5G61820,2.51961837,0.003437531
AT4G30090,2.517575933,9.54E-05
AT5G54170,2.517281715,1.42E-05
AT5G10695,2.514057363,0.004477873
AT3G06760,2.513837272,7.00E-07
AT1G03940,2.513273657,2.06E-07
AT3G19450,2.513205586,7.50E-07
AT1G17830,2.513011472,0.000212746
AT5G46500,2.512910647,9.51E-10
AT4G02195,2.511770234,1.32E-06
AT5G52570,2.504588857,0.007027626
AT2G47180,2.504563329,7.33E-06
AT5G43630,2.503290322,1.25E-07
AT1G32900,2.500548978,1.59E-08
AT1G76040,2.494366767,7.26E-07
AT5G12010,2.49218091,2.36E-06
AT3G49780,2.491523361,0.001309881
AT3G06890,2.491307417,0.003042843
AT4G11660,2.488121139,2.72E-07
AT3G16150,2.485660028,0.000324735
AT2G46510,2.484982128,3.68E-06
AT5G59480,2.483845088,6.13E-07
AT1G07150,2.48132051,0.009125185
AT3G01550,2.480402426,1.67E-07
AT1G07870,2.476062775,4.52E-06
AT4G02140,2.475415442,3.97E-05
AT5G08640,2.47161802,3.84E-06
AT3G14870,2.463846247,2.06E-07
AT5G40540,2.463344669,5.92E-06
AT2G07671,2.46132089,0.006256373
AT3G17980,2.45646243,7.46E-06
AT3G07390,2.453816494,0.000124397
AT1G30750,2.44963407,6.61E-06
AT2G47490,2.448297962,2.46E-07
AT4G38550,2.445979539,1.22E-05
AT3G44860,2.445673068,1.32E-06
AT2G32930,2.44418917,2.66E-05
AT3G11820,2.443280907,0.000114436
AT5G47670,2.441365435,4.80E-05
AT5G54490,2.440575307,0.000383805
AT5G01830,2.438892801,2.20E-05
AT3G22060,2.43358413,2.92E-06
AT1G14200,2.432979759,3.35E-06
AT1G30640,2.43211664,5.42E-06
AT2G40711,2.431098455,0.00429733
AT3G49580,2.429711534,0.000158312
AT3G22370,2.428254973,2.79E-07
AT3G60760,2.426923375,0.000113019
AT2G23000,2.423364764,1.32E-06
AT3G14200,2.420046899,9.86E-07
AT5G16200,2.419229044,3.77E-05
AT5G05300,2.417658147,0.001703893
AT4G31000,2.415461019,1.74E-05
ATMG01080,2.408849573,0.00466231
AT3G50930,2.407723431,0.026234304
AT3G45640,2.407375924,0.000282582
AT2G33590,2.399459802,3.67E-08
AT1G33560,2.395726509,2.79E-09
AT5G66940,2.39534287,0.001605347
AT2G47260,2.394212163,0.00018874
AT5G12110,2.392774764,3.36E-05
AT2G02860,2.388560795,2.01E-07
AT1G08860,2.388005654,1.42E-09
AT5G64840,2.386518279,7.68E-07
AT2G23170,2.385041879,0.000185134
AT4G30210,2.383308854,4.22E-05
AT4G34230,2.383138295,0.000578977
AT4G16820,2.381664359,0.010885134
AT4G37640,2.380217619,6.44E-05
AT5G48600,2.376453253,2.05E-07
AT5G55180,2.375337852,5.92E-05
AT5G48850,2.373352303,0.000141389
AT3G12910,2.370026319,0.002126971
AT1G06000,2.36831565,5.91E-05
AT2G02800,2.360081809,4.13E-07
AT5G51460,2.359910816,2.90E-07
AT2G42760,2.358822121,1.02E-05
AT1G71110,2.356348755,0.000135771
AT5G15600,2.351198957,0.006884208
AT2G24320,2.351119006,6.02E-05
ATMG00160,2.350894651,4.67E-07
AT2G01300,2.348995273,0.030245223
AT2G39650,2.345318696,0.007839425
AT4G09030,2.339848164,0.000295215
AT5G49910,2.339301145,7.15E-06
AT1G77250,2.338457759,1.53E-07
AT3G53680,2.335618044,4.75E-08
AT5G58690,2.331986104,0.000114436
ATMG00660,2.329989301,0.000101241
AT2G41100,2.325004083,0.006666958
AT4G05020,2.324357879,9.16E-05
AT4G15248,2.3217918,8.94E-05
AT1G51530,2.320938895,1.26E-08
AT4G13010,2.320170859,2.66E-07
AT3G05510,2.320056021,1.35E-05
AT1G30700,2.319587261,9.32E-06
AT5G63130,2.314543927,0.009576551
AT5G64905,2.309315682,0.009951382
AT4G02200,2.309059306,9.12E-07
AT5G57980,2.307917585,7.06E-06
AT5G47240,2.305230608,4.27E-05
AT1G69840,2.295538006,0.000139431
AT5G58630,2.29002467,0.000227574
AT5G01600,2.289304201,0.001646039
AT3G17330,2.289255844,2.20E-08
AT5G12990,2.286407115,0.001000205
AT2G40180,2.285909429,6.45E-06
AT4G25670,2.285469702,0.000103756
AT2G43410,2.283707431,8.32E-08
AT3G50910,2.281379771,2.76E-06
AT2G20630,2.274277592,0.000138106
AT4G15030,2.27212717,1.94E-07
AT2G43320,2.270461619,1.17E-05
AT1G21980,2.27004949,0.000585172
AT3G57020,2.269675334,2.52E-05
AT1G69930,2.2695846,0.011256501
AT5G64170,2.26850916,6.69E-08
AT5G65630,2.264081435,4.55E-06
AT1G76970,2.260901835,2.44E-05
ATMG01090,2.259655179,0.000867486
AT2G24550,2.259005793,6.11E-05
AT3G46930,2.256813221,7.53E-05
AT3G24090,2.250726977,5.28E-07
AT3G57120,2.250694358,2.33E-06
AT4G35985,2.248426737,0.007610859
AT3G29075,2.247143315,1.25E-06
AT5G52882,2.240525495,7.47E-07
AT4G18010,2.239121771,0.000121429
AT1G70610,2.237472393,8.61E-07
AT2G34650,2.235631147,2.02E-07
AT3G56200,2.235031962,2.04E-05
AT2G43120,2.235003061,0.005604571
AT4G15975,2.234123234,0.002810605
AT3G55980,2.232911491,0.01795712
AT2G46240,2.23225362,1.02E-06
AT2G03240,2.232067774,0.000242712
AT3G20520,2.230187841,2.18E-10
AT4G25290,2.227066479,4.80E-07
AT5G61560,2.225097888,2.03E-05
AT3G05580,2.223684366,0.000125447
AT4G02380,2.215868993,0.000698181
AT5G62210,2.212308909,0.000556111
AT4G01270,2.211658579,1.15E-05
AT3G16050,2.211210192,2.34E-07
AT3G63060,2.210286163,0.007056295
AT4G18880,2.20985377,0.000119966
AT1G76070,2.209307159,0.001360504
AT5G41080,2.206694957,0.004494667
AT4G18050,2.206374916,1.83E-06
AT1G68290,2.206212216,0.003909993
AT3G48700,2.205976254,0.00096307
AT1G80820,2.2037382,0.000274631
AT5G57015,2.203714072,0.000138627
AT5G48610,2.203160197,1.28E-05
AT2G32235,2.197615713,0.002015939
AT5G58620,2.195668875,9.68E-07
AT5G42965,2.193314433,7.45E-05
AT2G22795,2.181817448,7.29E-06
AT5G24580,2.179222781,0.000325971
AT3G45040,2.176552342,4.58E-05
AT1G53430,2.176004577,2.57E-06
AT5G54300,2.175795535,0.009236935
AT2G23120,2.175336621,0.00093669
AT5G10990,2.175179994,0.000218432
AT1G30455,2.173816109,7.64E-06
AT2G32140,2.171936922,0.01286932
AT1G14540,2.17023277,0.017142077
AT1G56170,2.166232846,4.45E-05
AT2G11891,2.166173019,0.019458544
AT4G32630,2.164784373,6.58E-10
AT4G02410,2.164630922,4.96E-06
AT1G56250,2.162489353,0.019508963
AT5G04480,2.162289927,2.70E-06
AT3G10985,2.161118334,3.23E-05
AT3G63480,2.158945565,8.95E-06
AT5G63350,2.158203827,0.01754696
AT1G02800,2.152846569,0.000222709
AT3G13020,2.152829353,7.95E-06
AT5G16970,2.152333935,4.59E-05
AT5G46510,2.151309087,1.68E-06
AT2G02061,2.150422827,5.05E-05
AT4G24570,2.149924305,0.002381801
AT1G73965,2.147276437,0.002447327
AT2G26040,2.143722758,0.009771738
AT3G57460,2.143117537,0.001724357
AT2G37040,2.14230323,2.37E-06
AT3G01820,2.141642097,8.47E-05
AT5G26340,2.139945648,6.55E-05
AT3G46730,2.138745458,1.91E-13
AT1G42470,2.137780182,1.08E-06
AT3G17030,2.135173387,4.66E-07
AT1G07180,2.132036352,0.004862654
AT1G45145,2.131846076,0.001540197
AT1G72280,2.131676339,0.000274631
AT3G04640,2.131222704,0.008079528
AT1G59870,2.131180459,0.000637471
AT3G28600,2.129476348,2.72E-05
AT2G44840,2.12945382,0.002768075
AT4G38400,2.128661478,0.000531277
AT5G40340,2.12494923,0.000317757
AT2G46980,2.122855307,9.20E-07
AT3G27110,2.122553228,1.26E-05
AT2G39660,2.121678809,0.000521099
AT2G40340,2.12024066,4.94E-05
AT4G24960,2.120200835,1.08E-05
AT2G32130,2.120162707,0.000187982
AT4G12120,2.119605523,0.000119427
AT3G01516,2.118888951,0.029632144
AT3G03050,2.11817666,0.000115386
AT5G66840,2.114361398,0.002264236
AT1G30620,2.113142812,0.000185134
AT4G30780,2.112839113,0.000127106
AT3G51890,2.112810043,2.63E-05
AT1G03370,2.112339083,4.22E-05
AT4G33050,2.112114787,2.54E-05
AT1G79710,2.111431549,0.000212279
AT1G76965,2.110655031,0.000299056
AT2G46450,2.109091961,4.74E-07
AT1G08720,2.108447957,3.85E-05
AT1G21120,2.107835932,3.53E-05
AT1G66090,2.105987497,0.02435944
AT4G37610,2.105874224,0.000349786
AT2G47730,2.105329337,5.19E-05
AT2G06530,2.105114533,1.59E-05
AT4G11600,2.103351753,0.000115772
AT3G12510,2.103166648,0.000331273
AT5G64870,2.102218554,0.011249337
AT5G04250,2.100845732,0.005053706
AT3G61640,2.096296087,1.78E-05
AT1G75100,2.08956148,7.73E-05
AT3G60110,2.089454864,2.30E-05
AT3G49160,2.089083009,0.002810605
AT5G67100,2.089055091,8.02E-07
AT3G26040,2.088333467,5.24E-05
AT4G32030,2.088274617,3.52E-05
AT3G51240,2.085160429,8.92E-05
AT5G58070,2.084690419,4.66E-05
AT1G29630,2.083490565,1.66E-06
AT2G41150,2.082396438,0.003560551
AT4G29440,2.082394941,6.98E-05
AT5G23730,2.081199689,0.000256827
AT5G50915,2.080450922,0.001001703
AT3G53160,2.080141818,0.000293675
AT2G44670,2.078188666,0.000207048
AT3G29590,2.075178774,0.010097619
AT2G37980,2.074874587,8.89E-05
AT2G31880,2.073085616,0.001616194
AT3G49055,2.072413568,3.09E-09
AT1G20450,2.070396688,0.023369414
AT5G55120,2.07033062,3.61E-06
AT5G53570,2.069438818,0.000240514
AT1G11050,2.068554957,0.000548017
AT2G47680,2.066859212,8.32E-05
AT3G11420,2.065987634,0.000730221
AT5G66650,2.064377959,0.020510844
AT5G66675,2.062234736,0.000292203
AT1G34260,2.060404657,2.66E-05
AT5G50740,2.059342871,5.24E-05
AT2G46735,2.055697836,0.001585849
AT1G76700,2.055137078,2.69E-05
AT5G10830,2.054948211,0.001126564
AT3G06520,2.052528337,3.80E-05
AT1G04160,2.052137063,2.71E-08
AT4G27580,2.050374065,0.006541059
AT5G64580,2.050318677,6.71E-06
AT5G44635,2.049023052,3.39E-06
AT2G43745,2.048018684,0.003155802
AT5G65140,2.047663997,0.005918722
AT3G19920,2.042900303,6.76E-05
AT1G03055,2.042400635,2.77E-05
AT4G21070,2.042048561,6.59E-07
AT2G07690,2.041359752,6.18E-06
AT2G38290,2.039697739,0.001939962
AT2G18090,2.039071995,0.000248819
AT1G30690,2.036850416,2.50E-05
AT3G03770,2.035795299,2.38E-06
AT3G48450,2.035719783,0.001472099
AT3G53650,2.033932942,0.000140034
AT2G16900,2.031718069,6.10E-05
AT3G13470,2.03125561,5.50E-05
AT4G39580,2.030855771,0.009576551
AT1G48100,2.029529199,0.002564884
AT3G14440,2.024588536,0.008109992
AT5G65300,2.024179644,0.0049518
AT4G19520,2.023810884,0.000138627
AT2G23320,2.020556311,0.000152344
AT1G07670,2.020105386,2.77E-05
AT3G07960,2.018205135,1.26E-05
AT5G08760,2.017521558,0.033410857
AT1G17050,2.016186117,0.001177122
AT4G13395,2.015979295,0.024945232
AT4G33920,2.014751008,0.0280665
AT4G34240,2.012758568,2.97E-05
AT1G78780,2.012432092,0.004219829
AT4G30600,2.012206527,0.000538329
AT4G17250,2.011523643,0.000592385
AT2G46420,2.01091544,2.17E-05
AT4G07960,2.008922731,4.49E-06
AT4G20830,2.008636309,0.001350253
AT3G55960,2.008561261,5.99E-06
AT5G54060,2.007551032,0.00866804
AT5G18360,2.006670405,1.31E-06
AT4G14090,2.005958013,0.003349646
AT2G41120,2.004765339,0.004334059
AT5G21960,2.004613075,0.002564884
AT5G08030,2.001578579,0.001000132
AT5G60030,2.001173492,0.000154489
AT5G48530,1.998106052,6.66E-06
AT1G20060,1.996030465,8.16E-07
AT1G72960,1.995943823,0.000117271
AT5G18670,1.995116198,0.000778151
AT2G41420,1.992830109,4.49E-05
AT1G66160,1.990812469,0.014281476
AT4G08500,1.99067156,7.13E-05
AT3G13080,1.987984611,3.56E-06
AT5G62410,1.987899656,7.64E-06
AT4G13410,1.98428592,0.001367279
AT1G53920,1.983732741,9.04E-05
AT2G40925,1.975047138,6.87E-08
AT4G25020,1.975018564,0.001724357
AT1G61370,1.97407689,5.45E-05
AT4G36500,1.972531574,0.000979886
AT5G56580,1.971915023,3.24E-05
AT5G26220,1.969970001,0.002626981
AT4G20840,1.968778886,0.000235527
AT1G01950,1.968730102,4.06E-05
AT1G10050,1.964873473,5.66E-06
AT4G27140,1.96210347,0.000260879
AT1G01680,1.961419835,0.000188942
AT1G22280,1.960907037,7.73E-05
AT3G05670,1.959584692,0.000235527
AT2G28400,1.957519252,0.010612564
AT1G53625,1.955446247,0.04620176
AT2G38010,1.953637381,0.000233027
AT1G50180,1.949318826,6.61E-06
AT5G64660,1.947853429,0.007070904
AT4G01540,1.947802937,0.049379641
AT2G44580,1.946590329,7.94E-05
AT1G80120,1.946165524,0.017802411
AT5G14640,1.944951648,1.58E-05
AT5G13930,1.943953214,0.000125146
AT4G31950,1.940581047,3.71E-06
AT3G08750,1.939454578,1.07E-06
AT1G65470,1.937499228,1.82E-06
AT5G59490,1.933367167,3.50E-06
AT1G48610,1.933218178,1.71E-05
AT5G15870,1.932253575,4.52E-05
AT1G09070,1.930894362,0.011641118
AT5G06980,1.928898821,4.03E-05
AT2G40000,1.928607494,0.029195648
AT5G05580,1.927509585,0.000370074
AT2G33700,1.926552222,0.000274631
AT2G22010,1.926490095,0.000580155
AT4G34590,1.925345979,6.11E-05
AT3G02880,1.924443507,0.00077472
AT1G01140,1.92411957,0.001694505
AT3G14740,1.923600255,0.002259958
AT2G17480,1.922720297,1.38E-05
AT1G29980,1.922082067,8.65E-05
AT1G59820,1.921957567,0.000437397
AT3G57760,1.921064381,0.00342152
AT1G64561,1.920821504,0.022266522
AT5G42050,1.920217669,0.022527135
AT2G18193,1.919585537,0.005016043
AT1G72660,1.918773042,0.000127417
AT5G23420,1.915536581,0.000111811
AT2G47070,1.914729472,0.000119538
AT1G42990,1.914213519,0.001699414
AT4G22530,1.914140464,0.00219554
AT1G74490,1.913153715,0.000674617
AT2G32940,1.912332764,7.21E-06
AT1G25400,1.910945318,0.017180518
AT2G25690,1.910142313,0.006094626
AT5G63530,1.909770631,0.000134091
AT3G49530,1.905967809,0.045130163
AT1G59640,1.9041108,0.017197928
AT1G75000,1.899660199,0.027059775
AT5G20190,1.898631166,6.64E-05
AT4G39830,1.897324385,0.002098177
AT2G44200,1.895011973,0.00024204
AT1G05710,1.893384068,0.000550567
AT5G14730,1.890624037,0.002344798
AT1G68690,1.890018213,0.002391435
AT2G03090,1.888399481,2.53E-05
AT5G05330,1.887933172,0.003003781
AT2G37240,1.887593435,0.006958841
AT5G18310,1.885038528,0.000617094
AT4G26630,1.882951532,0.000509632
AT4G02060,1.882790955,4.31E-05
AT3G20500,1.882207855,0.00557078
AT2G22300,1.880578245,0.00056618
AT3G26080,1.877020242,0.000209182
AT3G52430,1.87549234,0.004511495
AT3G23030,1.875356671,0.007545601
AT5G63490,1.875197026,1.18E-05
AT4G37900,1.875047557,0.000166294
AT1G61860,1.873972931,0.001076852
AT5G59740,1.872262109,0.001519379
AT1G44100,1.871576595,0.001259715
AT2G46500,1.870569591,0.002068386
AT1G05670,1.864537631,0.000744221
AT1G26140,1.864150495,0.000124686
AT4G32670,1.864098405,6.85E-06
AT1G78050,1.863443824,0.002440404
AT5G04760,1.862609665,0.003719749
AT2G39560,1.862165296,0.049426547
AT1G04020,1.861942486,4.22E-05
AT4G09570,1.861772581,0.000215751
AT1G74450,1.858615312,0.043468027
AT1G63750,1.85847158,0.000684442
AT3G17320,1.858340482,2.80E-07
AT3G48080,1.855630189,1.95E-05
AT1G24140,1.854947402,0.017614989
AT1G48060,1.853068227,9.01E-07
AT1G67180,1.850092792,0.001846213
AT3G52400,1.846664652,0.014106109
AT3G56880,1.84641405,0.001720003
AT5G22630,1.845343657,0.001429805
AT4G09750,1.844691389,0.002796454
AT1G44900,1.843190592,1.67E-05
AT2G32240,1.84289902,0.021004405
AT4G31360,1.838569994,8.90E-05
AT3G13320,1.838292702,5.38E-05
AT2G26190,1.837745459,0.00387479
AT5G41790,1.83769264,0.000585172
AT2G31730,1.836630308,0.012963957
AT1G22650,1.836257734,1.95E-05
AT1G04730,1.835651755,6.45E-06
AT2G20635,1.835216335,0.000142165
AT2G20370,1.833607496,0.000983834
AT2G19620,1.832089728,2.33E-05
AT3G14900,1.830624002,3.12E-05
AT2G40095,1.830537067,0.006921464
AT4G33110,1.82716891,0.001000205
AT3G17700,1.826179582,0.000185565
AT4G30530,1.825111954,0.000153723
AT1G62710,1.824718099,0.002067345
AT4G23180,1.823947017,0.004195326
AT3G05200,1.821281904,0.001609724
AT1G04090,1.818861386,0.000119399
AT5G65920,1.818357056,4.28E-05
AT5G56850,1.817680487,0.000100559
AT2G37080,1.817551525,0.000125203
AT3G55720,1.817330314,0.004137222
AT4G38560,1.817044306,0.000839119
AT1G71330,1.816537847,0.007018687
AT5G05240,1.815803034,0.000205916
AT4G26740,1.812184046,3.33E-05
AT2G23770,1.812131636,0.018727998
AT4G00550,1.810829032,0.000100559
AT1G20720,1.810401896,1.56E-06
AT4G11990,1.810386994,0.009115121
AT5G66600,1.809534509,0.00013519
AT4G17750,1.808450711,0.000290714
AT3G04650,1.807841748,0.0001603
AT3G57870,1.807512761,0.000101706
AT2G42360,1.806535152,0.004399384
AT4G30290,1.806478451,0.033252711
AT4G09820,1.805284475,0.000456201
AT3G17770,1.804903036,0.000335561
AT4G22970,1.804732544,8.77E-08
AT5G07660,1.804383875,7.90E-05
AT3G03020,1.803950606,0.001261281
AT1G70590,1.803633545,0.00052998
ATMG00690,1.803462777,0.004853433
AT5G52200,1.80325732,7.73E-05
AT4G36520,1.801974135,0.000891009
AT5G01570,1.801551108,0.009359096
AT4G19080,1.801164542,0.042578485
AT5G46280,1.800957149,2.53E-05
AT3G12280,1.799073074,6.86E-05
AT1G60270,1.79837994,0.001431063
AT1G56240,1.797598937,0.009188338
AT3G02890,1.797478027,6.51E-05
AT3G44400,1.797332826,1.23E-05
AT1G04000,1.797322726,0.002958058
AT3G54030,1.795606774,0.000342326
AT3G09480,1.794667955,0.015938002
AT5G65350,1.79393541,0.005534496
AT3G07770,1.793720708,8.04E-05
AT2G40710,1.793203361,0.01910532
AT1G73600,1.792240122,0.015282129
AT3G15210,1.792013043,0.024510207
AT1G74330,1.791777768,0.000155052
AT3G26570,1.790602766,0.000614351
AT3G57280,1.790461032,0.000593872
AT2G36850,1.790091208,0.000489738
AT1G13790,1.789178868,1.39E-05
AT4G31550,1.78760637,0.000490387
AT4G14120,1.783889663,0.006325028
AT5G52410,1.7830195,0.000192087
AT1G13310,1.780972564,5.13E-05
AT5G27610,1.7774073,1.24E-05
AT1G27720,1.777314287,1.99E-05
AT1G26540,1.776126934,0.011503321
AT3G48090,1.775831897,0.000147975
AT5G58760,1.774497103,0.000944285
AT5G64940,1.774105586,0.001307408
AT3G02140,1.774039145,0.012906194
AT3G19240,1.773340102,0.039402742
AT4G30850,1.773305493,0.007760842
AT1G61360,1.772675523,0.000639599
AT2G34450,1.771944616,0.010803803
AT3G56090,1.770300251,0.008503744
AT5G04720,1.770205328,0.002259353
AT4G00020,1.767803929,2.48E-05
AT1G67470,1.764757328,0.006517019
AT1G78990,1.764127028,0.000301866
AT1G30755,1.763601281,0.023925151
AT3G55840,1.763594063,0.04200416
AT4G28250,1.763390662,0.003330368
AT1G16300,1.762972456,0.000219279
AT5G61000,1.762005915,0.000906686
AT2G16440,1.761036179,8.55E-05
AT1G31880,1.760407176,0.004408886
AT1G74440,1.75989543,0.006833537
AT3G45090,1.759165526,0.000582588
AT2G01450,1.757398958,0.001360504
AT1G80610,1.754911041,0.000295215
AT4G03400,1.754775749,7.32E-05
AT3G10640,1.753818648,0.000371711
AT4G02235,1.750558431,0.000639599
AT1G02970,1.750300205,0.003305767
AT3G61220,1.749111108,0.021330897
AT3G14050,1.748404047,0.005014279
AT5G65240,1.74794907,0.000103756
AT5G15940,1.747778066,0.000209624
AT1G76810,1.746318484,0.001246549
AT5G63370,1.744245258,0.000967089
AT1G23550,1.741147929,0.000134091
AT1G56540,1.740899667,0.001613556
AT2G44430,1.740847048,0.000260217
AT5G22140,1.740212019,0.001640185
AT4G30240,1.739624645,0.000795258
AT2G45920,1.73953999,0.001191141
AT5G56010,1.739374253,0.004156149
AT2G32250,1.738891666,0.000956738
AT1G67630,1.737961121,6.74E-05
AT1G09960,1.73744309,0.005666226
AT1G77680,1.737289931,0.001973637
AT5G25580,1.737099823,0.001043252
AT2G05940,1.736980492,0.001387839
AT4G08870,1.735922148,0.001680541
AT5G58430,1.735426681,0.002600555
AT1G07370,1.734794894,0.000762264
AT2G02810,1.734070937,0.000956056
AT1G65840,1.73282707,5.00E-05
AT2G19710,1.730548391,0.001773774
AT5G27030,1.729143945,0.000105112
AT3G23210,1.726246606,0.002113391
AT3G04240,1.726008964,0.001031093
AT3G44720,1.725088924,0.000667593
AT3G13050,1.724744971,0.000845264
AT1G48120,1.723650704,3.69E-05
AT4G39800,1.722539636,0.025099748
AT5G16190,1.720627706,0.001095886
AT1G61260,1.720564967,0.000763549
AT5G66631,1.720205523,0.003564296
AT1G55450,1.719775524,0.000840043
AT1G73500,1.718761287,0.001972077
AT5G64220,1.717799194,0.000440834
AT1G69770,1.717300661,0.000160414
AT3G63010,1.717241013,0.002311168
AT4G36550,1.716014256,0.001506377
AT3G17690,1.716013451,0.006265715
AT4G02110,1.71507083,0.000107532
AT4G35730,1.714419865,0.000149655
AT3G46110,1.714086264,0.009182964
AT1G54590,1.713811746,1.40E-06
AT4G16940,1.713615646,3.25E-06
AT5G63290,1.713161146,0.000591324
AT5G61460,1.710784716,0.000176589
AT5G64080,1.710218636,0.000364079
AT5G05190,1.708709131,0.004382006
AT3G18710,1.708533315,0.001679035
AT5G13100,1.708373038,0.001155614
AT1G75150,1.707955126,7.24E-05
AT5G62390,1.707721472,0.00034895
AT5G22110,1.707366997,0.000857682
AT5G08020,1.707305526,0.000664526
ATCG01130,1.706044448,0.002486704
AT1G10930,1.704450113,6.11E-05
AT4G16970,1.703525982,3.97E-05
AT2G41110,1.703493319,0.009048755
AT2G24580,1.703133573,0.000984769
AT3G50950,1.702870298,0.002657824
AT1G20100,1.700911204,0.000436041
AT1G01130,1.699985118,0.028074829
AT5G65900,1.699736488,0.000457378
AT5G58160,1.699077615,0.000712347
AT2G20960,1.697730176,0.001197213
AT1G67850,1.696836632,0.031356758
AT4G25350,1.696681901,0.016478448
AT1G67210,1.696444633,0.002058963
AT5G52910,1.69550778,2.72E-05
AT3G09560,1.693977155,5.93E-05
AT4G17500,1.693132731,0.000874347
AT5G22380,1.692093036,0.000260217
AT2G23340,1.691463752,0.000337877
AT3G09010,1.69089997,0.014001577
AT3G14890,1.690889314,0.00048229
AT4G21390,1.689164005,0.000752086
AT5G07920,1.687963058,0.003786925
AT1G56110,1.687808014,0.002313049
AT5G41880,1.686508553,0.000760384
AT1G23740,1.685313799,0.001962013
AT2G40270,1.683050001,0.004935906
AT5G17760,1.682914143,0.02937078
AT5G03350,1.682130678,0.001157489
AT2G21790,1.681780127,0.000697245
AT1G16330,1.680824723,0.000201717
AT2G18950,1.678772011,0.000210892
AT2G33110,1.677053162,0.018457382
AT1G45180,1.676400493,0.000172233
AT4G26190,1.67576491,0.00144281
AT2G24850,1.675624326,6.59E-07
AT2G24680,1.67486097,0.007941504
AT1G23450,1.674583549,0.000899223
AT5G18620,1.674300478,0.000822726
AT1G07890,1.673720985,0.000559555
AT2G42340,1.673536978,0.006799773
AT5G48400,1.672965281,2.67E-08
AT1G15415,1.671064171,0.016914116
AT1G09060,1.669425798,0.000674878
AT1G13880,1.665233485,0.000373459
AT1G64780,1.664892226,0.000383805
AT5G67340,1.663303399,0.001895677
AT1G08260,1.66166216,0.000267163
AT4G30860,1.660879843,0.000261343
AT1G71040,1.658718438,0.000126636
AT4G29900,1.658220138,0.000617357
AT3G53180,1.658072786,0.001894375
AT5G04340,1.657739827,0.016499428
AT5G24760,1.657719791,0.000202173
AT1G66500,1.656937555,0.015419423
AT5G66070,1.656749765,0.046933167
AT2G16630,1.656747811,0.006557468
AT1G12800,1.655104939,0.001590777
AT5G57120,1.652899502,0.000995437
AT4G21410,1.651850004,0.024764259
AT2G01150,1.651309523,0.004745631
AT5G39550,1.651036606,0.000114112
AT3G53600,1.64952137,0.011959942
AT2G35640,1.648728721,0.016693499
AT1G05950,1.648053741,0.001679035
AT1G49840,1.647862974,0.000383662
AT1G12750,1.647513091,0.000204374
AT1G04200,1.647234666,0.000767294
AT5G64510,1.646428977,0.000752086
AT2G33210,1.6438941,0.000639599
AT5G12340,1.641881182,7.99E-05
AT5G24150,1.640214513,0.010617571
AT4G12740,1.639459564,0.001737994
AT2G31380,1.638910257,0.009817916
AT5G42020,1.637538305,0.000585172
AT5G16830,1.634690133,0.004929208
AT4G08170,1.633954787,0.001568103
AT2G15620,1.633296953,0.023369414
AT1G66260,1.633124933,0.001264609
AT1G55460,1.633053166,0.000725415
AT1G70140,1.632936238,0.005953595
AT5G13160,1.63278376,0.000979886
AT5G45430,1.632621254,0.001025752
AT3G02400,1.63192204,0.000303314
AT5G22300,1.631914067,0.004393917
AT5G13060,1.631294013,0.000313649
AT1G20120,1.629945658,0.00130307
AT1G59660,1.629250372,0.00325775
AT5G22060,1.628530767,0.000596322
AT5G07640,1.628475814,0.045321535
AT1G61470,1.627615,0.033035495
AT3G51660,1.626850418,0.008905742
AT4G34710,1.624337678,0.009619571
AT4G29880,1.621634364,3.71E-06
AT4G30490,1.620378382,0.003442711
AT4G39380,1.619643496,0.00240306
AT4G20920,1.618526153,0.004599722
AT4G14350,1.618297589,0.000736319
AT3G54750,1.617463583,0.000299716
AT1G29330,1.616898072,0.012979105
AT5G66640,1.616837625,0.015328927
AT1G62620,1.615651045,0.003548157
AT4G34120,1.61507844,0.000645278
AT4G17410,1.61488465,0.000114465
AT4G05120,1.61343559,0.005477517
AT2G13800,1.61343322,0.00123921
AT2G21150,1.613135416,0.000314934
AT1G27730,1.612462272,0.024712532
AT4G19020,1.611393983,0.000461153
AT1G65240,1.611267823,2.68E-06
AT4G23010,1.610876063,0.003308647
AT2G14290,1.610777815,0.003047919
AT5G48380,1.610761347,0.00238609
AT4G17895,1.609609844,0.001568756
AT1G58983,1.609549556,0.01405701
AT1G63880,1.609220064,0.000723141
AT4G17530,1.6085573,0.000456472
AT5G26680,1.607953906,0.000739175
AT2G02350,1.607768485,0.009608493
AT3G59080,1.607617942,0.038752799
AT5G60310,1.607452861,0.012525826
AT5G11290,1.606799875,4.82E-05
AT5G48310,1.606728521,0.000201095
AT2G13640,1.606266764,2.35E-06
AT1G55320,1.605977991,0.004103729
AT2G41410,1.605797028,0.017599091
AT1G60640,1.605046452,0.001054921
AT4G13400,1.604871285,0.008037204
AT5G53060,1.604841295,0.000219776
AT1G67320,1.604604653,0.000422054
AT2G38720,1.604522757,0.00156249
AT2G07722,1.603905387,0.008451723
AT5G23100,1.603745825,0.011576279
AT4G16807,1.603480548,0.008220661
AT1G02270,1.602557855,0.001397078
AT2G36885,1.602389969,0.001101378
AT5G35970,1.602202313,0.001630656
AT2G39210,1.60131238,0.001113295
AT1G20950,1.601195655,0.000937655
AT5G07730,1.600712715,0.015982028
AT2G46370,1.600413315,0.003909993
AT4G24710,1.600115061,0.007472311
AT4G38960,1.599053677,0.031356758
AT2G37180,1.598130476,0.000403422
AT5G63920,1.597029746,0.000682239
AT2G17120,1.596751288,0.001408521
AT1G64700,1.593456073,0.03552718
AT1G56520,1.593272621,0.017336299
AT3G55210,1.592080939,2.34E-05
AT3G62720,1.591928796,0.019096076
AT5G54670,1.590078154,0.00016872
AT3G15460,1.589436058,0.016416068
AT1G01480,1.587670325,0.001598755
AT5G13840,1.586600384,0.000724944
AT4G11450,1.58636819,0.014343826
AT5G09760,1.584831308,0.001307489
AT1G08130,1.584811212,0.000347887
AT1G51660,1.584698024,0.004200754
AT1G27330,1.583015317,0.001659978
AT5G05490,1.581610115,4.10E-08
AT2G36010,1.581428047,0.001940697
AT5G23130,1.580642858,0.000666906
AT3G03110,1.580295914,0.000541305
AT1G32920,1.578846457,0.003532518
AT3G01640,1.578130615,0.004156149
AT5G01420,1.576714931,0.009425345
AT4G18070,1.575998902,0.014436553
AT5G53800,1.575800088,0.002768075
AT2G37110,1.575756924,0.001735902
AT1G63930,1.574710169,5.28E-06
AT1G72950,1.573890199,0.036604133
AT4G01090,1.572472702,0.00287939
AT5G21900,1.57186656,0.003436541
AT5G59530,1.571687517,0.000641764
AT3G52360,1.569952261,0.049379641
AT3G05830,1.568293544,0.001803693
AT3G10180,1.565852945,4.70E-05
AT2G18680,1.562966206,0.042693893
AT2G24681,1.561403596,0.000155361
AT3G14840,1.560024654,0.005203267
AT2G35600,1.559522341,0.033397982
AT4G02290,1.559464972,0.007319029
AT3G02380,1.55912258,0.016822073
AT2G21120,1.558972474,0.005762908
AT2G27170,1.558771139,0.000833711
AT4G19450,1.558371838,0.000896855
AT4G14970,1.5579473,1.97E-05
AT3G56600,1.557884768,0.000181682
AT1G70740,1.556663449,0.002126943
AT4G13690,1.556288399,0.027484814
AT1G35530,1.554948394,1.52E-05
AT5G38720,1.554758476,0.001404883
AT3G19000,1.553189956,0.008477476
AT2G37960,1.553078147,0.003398153
AT5G64990,1.552045123,0.022764496
AT1G63090,1.551725024,0.007407944
AT2G29940,1.551522391,0.000882504
AT1G07520,1.55144783,0.003071023
AT4G32480,1.551005583,0.013268208
AT4G11300,1.550795727,0.0073098
AT1G77320,1.549314681,0.000366923
AT2G28140,1.548644134,0.037892341
AT4G01200,1.546615267,0.024631205
AT1G33040,1.545447991,0.002333767
AT4G37400,1.545120228,0.000167816
AT5G11790,1.545019302,0.001280568
AT1G15940,1.544835399,0.002621816
AT5G66130,1.544789599,0.001660027
AT5G07810,1.544314242,0.000119399
AT4G24970,1.543767172,0.002786779
AT4G21880,1.543421764,0.001607389
AT2G23810,1.542345586,0.042025097
AT5G19025,1.541303744,0.010243337
AT1G78280,1.539616878,0.04106451
AT1G11790,1.539502795,0.000464609
AT3G55430,1.538790949,0.031941716
AT1G04210,1.537089253,0.000992433
AT4G33010,1.536865578,0.003727104
AT4G20320,1.536852624,0.004419482
AT4G17840,1.535198663,0.018903403
AT3G02070,1.534450208,0.004477873
AT3G12340,1.533902885,0.000637471
AT3G51895,1.532745427,0.006098341
AT2G41050,1.529895489,0.006739847
AT1G64760,1.52843919,0.009452868
AT5G07070,1.527518564,0.017372801
AT5G09300,1.527218811,0.004034722
AT3G59550,1.527031437,0.004382087
AT5G23850,1.52673483,0.002146665
AT2G47800,1.526382874,3.03E-05
AT5G13960,1.525979324,0.001646039
AT1G72450,1.523375271,0.004592408
AT4G22620,1.522674419,0.034719377
AT4G15790,1.520142613,0.006541059
AT4G11570,1.519569632,0.001385231
AT5G38690,1.519183723,0.001254554
AT3G24495,1.519127849,0.000110618
AT3G27640,1.519088581,0.005024063
AT1G13990,1.517218575,0.045744052
AT5G59510,1.51560602,0.001679035
AT5G46490,1.515605516,0.005288428
AT4G31210,1.515515976,0.000676873
AT5G66750,1.515338514,0.002948441
AT2G20340,1.51414561,0.006577015
AT5G59400,1.512829961,0.012693846
AT1G12000,1.512495833,0.001323004
AT4G18470,1.511281884,0.007591964
AT5G24655,1.511195239,0.014613877
AT5G01710,1.510184487,0.023963085
AT2G19890,1.510045611,8.07E-06
AT3G48710,1.509401929,0.001079484
AT4G34050,1.50797697,0.008615323
AT1G24330,1.507642093,0.041359444
AT1G30680,1.507420715,0.000913
AT1G25220,1.50619681,0.000867486
AT2G45300,1.506165414,0.001942757
AT3G27120,1.505758577,0.003769982
AT1G50110,1.504669749,0.012235276
AT1G05630,1.504415323,0.005651652
AT3G47570,1.504011031,0.002041616
ATMG00580,1.503827261,0.001275951
AT2G21430,1.501748749,0.025622146
AT1G64980,1.500169659,0.001064762
AT4G29150,1.499663369,0.014405769
AT4G35640,1.499294382,0.047603173
AT3G11000,1.498484649,0.014909882
AT3G17340,1.498080984,0.001123209
AT5G52800,1.497523995,0.012744714
AT3G55050,1.495396048,0.001538924
AT4G17000,1.494627247,0.000488896
AT4G02460,1.494176857,0.00043283
AT4G28310,1.493755431,0.019774087
AT2G20900,1.493586798,0.007956233
AT3G52115,1.493391794,0.005480791
AT1G08120,1.492552903,0.031728216
AT4G20325,1.491851613,0.007962523
AT5G17050,1.490583594,0.001381204
AT5G22750,1.489345082,0.000910027
AT5G47220,1.488761985,0.008260816
AT1G13220,1.488652713,0.012171626
AT1G61140,1.487489906,0.000489738
AT1G44910,1.487318137,0.001738361
AT3G05740,1.487243209,0.007511459
AT2G41070,1.487035774,0.022737179
AT1G09780,1.48685259,0.002259958
AT5G19220,1.485882109,0.003036595
AT5G11430,1.485442213,0.000370726
AT2G04030,1.485255863,0.003285204
AT1G49870,1.485194392,0.000407509
AT1G75020,1.483960769,0.017614989
AT1G20780,1.483262388,0.001222367
AT2G47410,1.48304963,0.001267671
AT1G55110,1.48279522,0.005468344
AT3G56500,1.482163555,0.005676806
AT1G44446,1.480086407,0.008050804
ATMG00040,1.478059504,0.00137202
AT4G39570,1.476627419,0.005164162
AT5G63960,1.475635275,0.001660027
AT1G06410,1.475181869,0.00357041
AT4G11330,1.474024592,0.011341025
AT1G61000,1.472796691,0.005487072
AT1G69526,1.472741068,0.048902637
AT1G09500,1.472373402,0.007785602
AT2G46380,1.471349974,0.001109078
AT3G54100,1.471132289,0.002391435
AT3G19510,1.470701297,0.000983834
AT2G41450,1.47068202,0.00113712
AT1G80320,1.47012677,0.014362557
AT2G30250,1.469052571,0.035442593
AT1G20220,1.468763456,0.002474511
AT1G51410,1.466453236,0.000453288
AT2G36310,1.465711942,0.002074234
AT4G29750,1.46488952,0.002136477
AT4G20340,1.46417516,0.002198219
AT5G47710,1.461812059,0.004767905
AT2G43290,1.461632287,0.049770865
AT3G14205,1.461352576,0.000940257
AT1G10310,1.461304132,0.004458857
AT5G45350,1.461151369,0.031071648
AT4G21270,1.460855969,0.00189832
AT5G01540,1.460341614,0.036641096
AT1G06750,1.459993274,5.80E-06
AT1G08050,1.459803311,0.031958104
AT5G61440,1.459736003,0.003429469
AT3G56870,1.458346272,0.003063362
AT5G27120,1.45832571,0.003955403
AT2G04039,1.457663283,0.013630361
AT4G36020,1.455654688,0.004382006
AT3G47780,1.45508744,0.000186401
AT2G22330,1.454827408,0.041522476
AT5G48375,1.454800617,1.04E-05
AT2G36200,1.453910326,0.002059384
AT5G62070,1.453257105,0.001117752
AT5G37260,1.452812671,0.04486904
AT4G30100,1.452389533,0.0117794
AT1G53300,1.451770968,0.002589048
AT5G26860,1.451459715,0.001370793
AT1G04980,1.4510663,0.009502193
AT4G25030,1.449111177,0.009965112
AT3G16720,1.44882679,0.045744052
AT5G41610,1.448318246,0.003710203
AT1G10320,1.447896819,0.001078124
AT2G17220,1.44780576,0.002153164
AT4G26700,1.447557962,0.007511459
AT5G15650,1.446820927,0.010652258
AT3G08730,1.446376217,0.010892027
AT4G27910,1.443522839,0.002110276
AT5G14700,1.443207662,0.012471041
AT3G53620,1.442634611,0.011897112
AT5G41020,1.441637242,0.00659179
AT3G61740,1.440611034,0.001105372
AT1G02670,1.440013424,0.006992914
AT5G39380,1.438524561,0.018377505
AT3G15530,1.437506946,0.009951732
AT3G23890,1.435500679,0.004111511
AT2G39350,1.43539252,0.041302682
AT5G27660,1.434783961,0.015626401
AT1G61380,1.434577001,0.004063537
AT5G59730,1.433941879,0.037234812
AT1G27880,1.433165252,0.000864482
AT5G35220,1.433149576,0.00736686
AT1G63830,1.432749545,0.011534505
AT5G16690,1.431799673,0.001723242
AT1G10657,1.430671806,0.043994948
AT1G72500,1.429383406,0.00371859
AT5G17020,1.426775701,0.004518364
AT5G40880,1.425993788,0.00431491
AT5G67030,1.425507054,0.005736241
AT5G02290,1.425487725,0.00329973
AT5G15450,1.42483346,0.003708285
AT2G37940,1.424519552,0.002583535
AT5G04130,1.424263751,0.001779432
AT4G11350,1.423996699,0.007194341
AT5G44870,1.422851174,0.000356682
AT5G01630,1.42277266,0.003123355
AT5G15510,1.422177657,0.001307489
AT3G52110,1.420335913,0.001590777
AT1G69710,1.420190956,2.54E-05
AT5G61030,1.420153701,0.00720058
AT4G23570,1.420005377,0.004382006
AT3G09980,1.419609955,0.005244905
AT4G33200,1.419526718,0.007027626
AT5G47430,1.418875989,0.002873401
AT5G54730,1.417501919,0.004995955
AT2G31650,1.417237117,0.001183009
AT1G30810,1.417136063,0.010243337
AT2G20970,1.41666918,0.000441437
AT5G52400,1.416022479,1.71E-05
AT2G20980,1.415050535,0.018290331
AT5G57590,1.414843616,0.000835839
AT3G46620,1.413562714,0.025999364
AT3G04120,1.413541821,0.005084607
AT4G19590,1.411921114,0.031946359
AT5G39660,1.411896769,0.004854887
AT2G47000,1.411854609,0.000149082
AT4G28950,1.411726106,0.029445596
AT1G22310,1.411439555,0.007260154
AT1G57630,1.410951301,0.039533367
AT5G08660,1.409611665,0.005548718
AT5G63950,1.40947188,0.001627875
AT1G03780,1.407629035,0.003437531
AT4G03110,1.405606391,0.002440404
AT3G24080,1.405368447,0.013425128
AT5G14610,1.403681854,0.002440404
AT3G44670,1.403629216,0.001976358
AT1G74250,1.402539089,0.006351373
AT3G11050,1.402467483,0.049270867
AT1G52280,1.402130675,0.008309998
AT4G23800,1.401658829,0.004854887
AT2G34640,1.401312873,0.006248827
AT3G02870,1.401061631,0.024126801
AT1G79380,1.400065858,0.007225501
AT2G28305,1.398613021,0.007655932
AT5G45110,1.398566703,0.042180683
AT1G73530,1.398555458,0.003231425
AT1G60730,1.397732643,0.005931882
AT2G05100,1.397413346,0.038089098
AT3G59400,1.396873495,0.007672499
AT2G30100,1.396596682,0.002478842
AT1G55820,1.395220432,0.035192752
AT1G49050,1.394347893,0.001640185
AT3G54950,1.394013014,0.035217486
AT5G22690,1.393721465,0.017603151
AT2G32220,1.39370169,0.007186437
AT3G23740,1.392821404,0.013862204
AT3G07780,1.392786097,0.013938665
AT5G24630,1.392738078,0.007166706
AT2G20320,1.392496418,0.016451048
AT4G32920,1.392020945,0.002056962
AT3G16730,1.391538388,0.002113391
AT2G42380,1.391490549,0.027480482
AT3G07370,1.391373976,0.005712173
AT5G09870,1.390935068,0.003816464
AT1G71530,1.389807446,0.000448006
AT5G17230,1.389784654,0.011362129
AT5G20070,1.38822941,0.003288213
AT5G37540,1.387421759,0.024607947
AT2G40550,1.386403391,0.006224065
AT3G27060,1.385769093,0.013758483
AT3G18630,1.385705659,0.031294132
AT5G14760,1.385060713,0.008752284
AT3G63530,1.38469824,0.003499741
AT1G78955,1.383326403,0.002342792
AT1G08730,1.383149817,0.00114207
AT4G15890,1.382652396,0.000666906
AT3G02830,1.380899418,0.005328384
AT5G60930,1.380515737,0.004209862
AT1G74360,1.380450182,0.023113925
AT4G05190,1.380039159,0.003581078
AT3G52920,1.378611686,0.008503744
AT3G22890,1.377425365,0.00641907
AT4G14150,1.376672855,0.000901477
AT2G27260,1.375971264,0.013390842
AT4G20170,1.375536403,0.00217711
AT5G06160,1.373892272,0.003371423
AT2G36740,1.37227243,0.005370895
AT3G10800,1.371342722,0.009096775
AT4G39210,1.370919284,0.012248111
AT5G24120,1.369600398,0.034045269
AT5G63700,1.36777605,0.00268098
AT4G32770,1.367439611,0.002250726
AT5G54940,1.366888263,0.013710741
AT5G02520,1.364980347,0.032865196
AT5G05340,1.361826595,0.00858631
AT4G28400,1.361357832,0.007194341
AT4G12450,1.359822959,0.000122
AT1G77890,1.358924056,0.011131839
AT5G24850,1.358651897,0.006893409
AT1G79610,1.358570155,0.007512434
AT1G11160,1.358319909,0.002958058
AT2G38810,1.356026972,0.005615469
AT4G34430,1.355725024,0.010097619
AT1G78000,1.354297805,3.34E-05
AT3G55340,1.35360082,0.004768637
AT1G62840,1.352170525,0.047163474
AT2G42950,1.351487045,0.009809406
AT3G12520,1.351155116,0.01013284
AT1G61210,1.349688933,0.001323004
AT1G67230,1.349304711,0.012906194
AT5G57990,1.347608964,0.009410299
AT3G17170,1.347515646,0.010674131
AT5G33300,1.346945136,0.010808046
AT1G15190,1.34642307,0.022406963
AT1G59865,1.346393072,0.014202827
AT4G35940,1.344912594,0.004399384
AT5G11800,1.343987131,0.007930421
AT3G55010,1.342905204,0.01247683
AT1G42480,1.34215686,0.00601731
AT5G59170,1.340767632,0.000355932
AT5G09590,1.34068718,0.009157841
AT5G45280,1.340558771,0.03603843
AT1G21650,1.340347414,0.001368556
AT2G35510,1.339814975,0.032557739
AT4G27960,1.339163851,0.007962523
AT4G18810,1.338625479,0.02350252
AT3G47730,1.338562513,0.015626401
AT3G44480,1.337833528,0.003574536
AT1G45110,1.33731697,0.023240313
AT3G12740,1.337190376,0.026731134
AT5G55310,1.336855661,0.012734519
AT2G22610,1.3365165,0.001327518
AT1G63500,1.336366379,0.012564619
AT2G46340,1.336227927,0.001540611
AT5G65360,1.33543907,0.013745202
AT4G25390,1.335418779,0.009180593
AT3G06780,1.335017144,0.012482545
AT1G22275,1.334361221,0.039090688
AT1G66580,1.334256987,0.010336974
AT5G19920,1.333853376,0.008145413
AT3G07610,1.333539551,0.001738361
AT1G73066,1.333147901,0.012504949
AT4G05320,1.332616271,0.022594964
AT5G55820,1.33243794,0.003779388
AT1G11000,1.332432397,0.027494073
AT5G49160,1.331193653,0.009164397
AT4G26660,1.330425272,0.003231425
AT3G18730,1.330069857,0.002716518
AT1G17750,1.329548357,0.002906472
AT2G30440,1.329138306,0.028271725
AT4G39230,1.329069962,0.015110483
AT3G26980,1.327831694,0.016998421
AT1G58200,1.326854853,0.02757024
AT5G55920,1.326767616,0.007182962
AT1G26330,1.324899789,0.001381316
AT1G08840,1.324801734,0.00123921
AT1G12775,1.324535793,0.017006897
AT1G48740,1.324450402,0.047137687
AT5G37050,1.318917318,0.032554721
AT5G65230,1.318887583,0.037178748
AT4G03230,1.318316835,0.004870383
AT4G29730,1.317979294,0.010055045
AT2G14960,1.317538653,0.001037933
AT2G41440,1.315182442,0.016822073
ATCG00790,1.314580867,0.035545519
AT1G14370,1.313591096,0.045810978
AT5G58720,1.3118225,0.033375061
AT4G18440,1.311534501,0.013125173
AT4G26220,1.311228473,0.031941716
AT3G19210,1.310577188,0.005123332
AT2G38580,1.309790556,0.004382006
AT5G43080,1.308864586,0.049728575
AT3G43210,1.308527119,0.003812649
AT1G32150,1.308240364,0.005017142
AT1G64820,1.307957231,5.09E-06
AT4G32190,1.306399778,0.015551143
AT5G24650,1.305938194,0.018795706
AT4G00570,1.305682279,0.012906194
AT3G16000,1.305375813,0.017996706
AT1G19990,1.305360032,0.007883755
AT1G76780,1.30400275,0.000323135
AT5G55040,1.300705112,0.013097448
AT1G74710,1.300645217,0.018403854
AT3G05165,1.300202402,0.025999364
AT3G57910,1.299157257,0.015564073
AT2G26080,1.298721857,0.013798712
AT3G44050,1.298204537,0.004767469
AT3G61800,1.29783062,0.007252501
AT5G04320,1.297673805,0.006452221
AT5G42830,1.29751947,0.017195176
AT1G22830,1.297483902,0.014290924
AT4G16630,1.297108815,0.007640364
AT3G54670,1.296430509,0.022227691
AT1G05894,1.295874191,0.000343273
AT2G36880,1.295785123,0.030364235
AT5G04930,1.295554745,0.03961727
AT1G29700,1.294801091,0.022610795
AT4G28680,1.293456048,0.012789988
AT4G00760,1.293172454,0.023815898
AT4G28590,1.292594965,0.008122727
AT5G20010,1.29204252,0.0130489
AT1G03740,1.291303424,0.04564701
AT3G07700,1.290426489,0.011897112
AT2G29650,1.288326294,0.020532241
AT2G42120,1.287301248,0.014658346
AT4G27720,1.286053516,0.014074924
AT2G20250,1.285323979,0.018674897
AT2G27470,1.284932894,0.019301422
AT2G42960,1.284852124,0.011471249
AT2G16500,1.283392346,0.018580103
AT5G51200,1.283292928,0.019315748
AT5G66540,1.28317644,0.012494182
AT1G03410,1.282718513,0.029701153
AT2G43240,1.282501873,0.018079428
AT5G18570,1.282448531,0.009236935
AT5G19070,1.282160995,0.026014752
AT5G57035,1.282136275,0.008375791
AT5G56170,1.281829386,0.01276894
AT1G67780,1.281357865,0.026047118
AT3G51720,1.28093497,0.005819416
AT2G35350,1.280681474,0.007960112
AT1G31970,1.2798628,0.01307139
AT3G14075,1.278652486,0.017379565
AT2G01750,1.27840911,0.005288428
AT1G15660,1.277381317,0.009628579
AT1G79890,1.2770626,0.008615323
AT5G58090,1.276153414,0.019630279
AT2G20110,1.272685996,0.024688015
AT2G38060,1.27239047,0.006298041
AT1G79920,1.271676968,0.010529953
AT5G63380,1.271494812,0.00542773
AT2G03150,1.270756684,0.014910762
AT2G14050,1.269977873,0.01816758
AT1G07350,1.269423643,0.005597739
AT1G18210,1.268950501,0.02199186
AT3G43250,1.268569587,0.030065736
AT2G22910,1.267529316,0.033963131
AT4G29340,1.266469502,0.006605773
AT4G17330,1.266114621,0.016898338
AT5G04550,1.265750846,0.036031635
AT5G17370,1.26541045,0.023423887
AT3G24840,1.26539975,0.039295467
AT3G24530,1.264148095,0.018299399
AT3G01800,1.261908507,0.02770569
AT4G24170,1.260243403,0.001323004
AT5G27010,1.259667792,1.51E-07
AT5G49030,1.258500704,0.012662729
AT4G18750,1.258122752,0.02021293
AT5G20490,1.257530966,0.017119251
AT1G11890,1.257254245,0.007639204
AT2G34260,1.256476615,0.045720474
AT1G19640,1.255686983,0.007584124
AT5G02230,1.25471439,0.035701629
AT3G47080,1.253631461,0.028706769
AT5G47200,1.252957007,0.015564073
AT2G41460,1.252550412,0.00791405
AT1G18890,1.252365142,0.037681269
AT4G27340,1.251780044,0.008315574
AT1G64280,1.251045058,0.022023752
AT1G54960,1.250922644,0.020659398
AT4G20860,1.250577898,0.025695993
AT1G33600,1.250410852,0.015743933
AT4G16950,1.249755171,0.034625468
AT4G31880,1.249122968,0.015362632
AT3G10690,1.248981649,0.011310516
AT1G73920,1.248649967,0.028014961
AT2G41250,1.248223942,0.009188338
AT1G15290,1.24676204,0.023532428
AT3G24170,1.246473799,0.012112211
AT2G27040,1.246242023,0.0111067
AT1G13350,1.245687332,0.017249519
AT1G01550,1.244755821,0.021710129
AT3G09080,1.244254681,0.007378675
AT1G80810,1.243184346,0.016166427
AT5G53880,1.242550784,0.015111067
AT3G19184,1.242032356,0.03552718
AT2G20290,1.241587738,0.00163161
AT2G21500,1.239815503,0.037774839
AT2G45400,1.239592963,0.028271725
AT1G47380,1.23895689,0.023336081
AT3G18100,1.238753533,0.005893776
AT2G17560,1.238638782,0.012995193
AT3G63320,1.238368391,0.000124301
AT3G07160,1.236877501,0.035117291
AT1G32630,1.23677186,0.047257054
AT1G26730,1.235940859,0.009835035
AT5G27330,1.235604019,0.012120724
AT2G30500,1.234988836,0.039295467
AT1G19490,1.233884751,0.046276168
AT5G51980,1.233554773,0.016882842
AT4G14790,1.23227509,0.029320639
AT1G69200,1.232240283,0.019451182
AT3G49410,1.232169877,0.028168362
AT1G79560,1.23214151,0.016025026
AT5G38840,1.231631774,0.019041694
AT2G18100,1.231426776,0.031604679
AT3G57150,1.23110349,0.028321557
AT2G42330,1.230742813,0.04486904
AT3G55410,1.230728704,0.031571192
AT5G43745,1.230479065,0.006178097
AT3G02470,1.230128016,0.037842262
AT5G12230,1.229032062,0.033495223
AT3G08760,1.228072514,0.011939287
AT1G77030,1.227735806,0.011840194
AT1G27760,1.227401628,0.015187815
AT3G62010,1.22699271,0.016484784
AT4G13670,1.226535645,0.029500734
AT3G18750,1.226370977,0.009348873
AT3G19130,1.225896723,0.017607797
AT1G12430,1.225896123,0.009893351
AT3G13860,1.225744536,0.009807924
AT3G23000,1.225434526,0.008796244
AT5G09250,1.225385616,0.029740503
AT1G75210,1.224891228,0.008849696
AT5G48470,1.222665873,0.009815986
AT3G25510,1.221965756,3.33E-06
AT1G07220,1.221650307,0.013449491
AT1G28760,1.220653175,0.035721512
AT3G05490,1.220174358,0.03434632
AT3G12110,1.219047097,0.046682463
AT3G03340,1.218431246,0.014440002
AT1G18370,1.218329757,0.010979003
AT3G13070,1.218262643,0.012770063
AT1G18460,1.218259295,0.017473895
AT4G24920,1.216618659,0.029057735
AT1G73670,1.216302973,0.016449381
AT2G24120,1.214834167,0.012282625
AT5G65890,1.213914075,0.017229656
AT3G01710,1.213412617,0.016683776
AT1G21080,1.212586744,0.012456345
AT5G12930,1.212421527,0.037015246
AT4G34730,1.212414707,0.042086439
AT5G09410,1.21226403,0.028838993
AT1G67070,1.211716219,0.01883923
AT3G48610,1.211677177,0.016998421
AT1G17220,1.211280934,0.021908998
AT1G56050,1.211254136,0.026731134
AT3G08700,1.210617998,0.015880942
AT3G42660,1.20852086,0.012550134
AT5G24155,1.208496408,0.045951234
AT2G42150,1.208388967,0.040939378
ATCG00830,1.208194337,0.036069496
AT4G24340,1.207238003,0.000180813
AT5G42010,1.207214246,0.039489944
AT4G09150,1.206825009,0.016395947
AT4G38710,1.205300527,0.027468935
AT2G41650,1.204877704,0.022448857
AT1G15950,1.203994588,0.023485934
AT5G01270,1.203691296,0.006624865
AT5G02950,1.20355914,0.025941519
AT5G23070,1.202984928,0.03583212
AT5G20850,1.20258373,0.044641877
AT3G05840,1.20256387,0.014458728
AT1G41880,1.20233607,0.027422129
AT4G26760,1.202315968,0.027647495
AT2G35660,1.202064574,0.034756297
AT5G42655,1.201370867,0.029468619
AT2G32970,1.199075324,0.026430341
AT5G46710,1.198652837,0.037416899
AT1G53440,1.198472111,0.045474481
AT1G19100,1.198069978,0.017142077
AT3G10630,1.197855395,0.024313298
AT3G04110,1.19730966,0.049659626
AT5G14660,1.197277759,0.027482879
AT1G01650,1.195886085,0.045847852
AT2G35720,1.195035487,0.013762063
AT1G16540,1.194334181,0.015757249
AT5G60150,1.193061528,0.005116116
AT3G10270,1.193056117,0.013717564
AT5G65470,1.192592315,0.020681006
AT1G18070,1.191762703,0.018826867
AT5G08720,1.191335379,0.014343826
AT3G53260,1.191150765,0.016144389
AT5G67250,1.190549043,0.042769164
AT2G30320,1.190217042,0.012553288
AT1G68830,1.189877846,0.012906194
AT4G23940,1.188914291,0.018951139
AT4G33440,1.188375712,0.047016949
AT3G09370,1.187660491,0.018517023
AT2G31970,1.187038728,0.019900948
AT1G19115,1.186845582,0.010097619
AT3G11670,1.186098406,0.010206584
AT2G48120,1.185775991,0.024246469
AT1G07270,1.185770576,0.010208386
AT5G10010,1.185306024,0.017029743
AT1G77270,1.185260853,0.042163819
AT1G58025,1.184669774,0.014431125
AT1G50450,1.184366439,0.037983641
AT1G61460,1.184160253,0.036511691
AT3G13210,1.183956825,0.015880942
AT1G74950,1.183895659,0.013980639
AT4G04850,1.183609666,0.030009416
AT3G63380,1.183550622,1.65E-05
AT2G41680,1.183547554,0.037172787
AT3G54870,1.18310993,0.000373494
AT1G80710,1.182555842,0.046581438
AT5G53130,1.181700067,0.038977596
AT3G18000,1.181422821,0.018100684
AT3G27330,1.181014873,0.008147438
AT3G15060,1.180454727,0.02695893
AT2G35650,1.179788204,0.027224231
AT5G56030,1.177517891,0.049229191
AT3G20740,1.177198331,0.015938002
AT5G13550,1.17701044,0.012320423
AT4G08310,1.176777109,0.025519255
AT1G09160,1.176381746,0.018753243
AT1G42430,1.176001955,0.013450689
AT4G32590,1.17565973,0.030481343
AT1G11950,1.175127862,0.012282625
AT1G14000,1.174694018,0.025227147
AT3G57630,1.174636222,0.020072213
AT2G43650,1.174011504,0.018801154
AT4G27510,1.172921576,0.03257326
AT4G11820,1.172281673,0.019562061
AT4G12020,1.171460555,0.019205596
AT2G32950,1.17141388,0.014244057
AT5G61495,1.171394836,0.03583212
AT5G11740,1.171380224,0.045296312
AT5G47970,1.170702932,0.01857896
AT4G01037,1.169985634,0.020409591
AT1G58848,1.169098234,0.027612083
AT5G02940,1.168547739,0.025133778
AT2G31530,1.167884709,0.011596318
AT1G19140,1.167594466,0.015828933
ATMG01170,1.166951202,0.04026084
AT5G19300,1.166196985,0.017494979
AT2G43945,1.165704624,0.031491
AT4G24280,1.165679574,0.028355312
AT3G01120,1.16557121,0.02514784
AT3G22961,1.165518116,0.00967752
AT4G27940,1.164893531,0.013260939
AT3G05060,1.16475332,0.030753774
AT1G77410,1.164253055,0.020511867
AT3G08560,1.16303099,0.000985824
AT1G35510,1.16112019,0.014045799
AT1G12580,1.157939004,0.03603843
AT2G29510,1.157680316,0.027224231
AT1G53380,1.157425262,0.025265747
AT4G09510,1.157415339,0.016207156
AT3G15880,1.156126011,0.019956794
AT1G64440,1.156029213,0.022141588
AT4G29060,1.15597763,0.040832041
AT1G78770,1.155518798,0.027062458
AT3G49540,1.154709483,0.030787041
AT5G13590,1.154699544,0.038343099
AT4G25280,1.154549897,0.023500299
AT2G30990,1.154209836,0.022343419
AT2G31270,1.154206105,0.026000433
AT2G27150,1.154181003,0.014136519
AT3G21100,1.153672029,0.024677049
AT2G35000,1.153482533,0.013521753
AT1G73020,1.153201429,0.017964928
AT2G26000,1.153148719,0.038392138
AT3G51680,1.152963635,0.001295033
AT4G38380,1.151958032,0.023542946
AT2G22240,1.151613692,0.015731768
ATMG00620,1.151510242,0.038392138
AT4G23850,1.150665871,0.042652158
AT3G50050,1.150376835,0.032593691
AT1G05820,1.149247906,0.034375217
AT2G44490,1.148963176,0.038930309
AT5G03070,1.148828244,0.02295302
AT3G52170,1.148752999,0.020409591
AT1G02880,1.148299158,0.042190421
AT2G37520,1.148118093,0.014755035
AT1G25682,1.148116261,0.030327638
AT5G07890,1.148051587,0.024688015
AT2G32340,1.148034712,0.049080583
AT3G60260,1.146999937,0.037203673
AT1G63470,1.146755295,0.025302827
AT1G72250,1.14645616,0.010300103
AT5G23910,1.14617576,0.020511867
AT1G30070,1.145637191,0.041711335
AT3G48500,1.144026108,0.026731134
AT3G48670,1.143355501,0.031091504
AT5G10550,1.142794613,0.027206877
AT1G07510,1.142780151,0.016911459
AT5G28500,1.142407961,0.047551832
AT5G47880,1.142323547,0.020330795
AT4G30610,1.141937423,0.020603177
AT5G41550,1.141588147,0.048204092
AT2G39220,1.141512402,0.027895501
AT1G19650,1.141467911,0.022266522
AT3G62910,1.139381066,0.031576349
AT5G51830,1.139355502,0.029129604
AT4G23630,1.139268972,0.03910485
AT3G19050,1.138431014,0.024072092
AT3G48110,1.138420176,0.029923491
AT2G24640,1.137952146,0.0171651
AT5G64710,1.137252529,0.021483443
AT1G06870,1.136754361,0.032593691
AT3G19830,1.136667851,0.025999364
AT2G46780,1.136508123,0.016418894
AT3G51870,1.136182616,0.020581
AT4G29980,1.134928979,0.007472311
AT1G47870,1.134442249,0.031356758
AT1G78650,1.132988032,0.025876751
AT3G19980,1.132528701,0.032434771
AT5G42390,1.132515556,0.033622723
AT4G32551,1.131660332,0.048463254
AT4G17240,1.131568547,0.029941963
AT3G29360,1.131344044,0.033963131
AT3G49720,1.130622495,0.037505359
AT1G58470,1.130450512,0.038247012
AT4G23200,1.130322338,0.000864482
AT3G53150,1.129721895,1.38E-05
AT1G04520,1.129276267,0.039489944
AT3G54150,1.12889008,0.04835348
AT1G28060,1.128864106,0.023240313
AT1G50840,1.12831888,0.019096076
AT3G09640,1.128008889,0.001444751
AT3G59410,1.127886006,0.009389112
AT5G18820,1.126641714,0.014900342
AT4G31750,1.126606136,0.039625991
AT2G28890,1.126397085,0.018403854
AT3G21480,1.125883609,0.010336974
AT5G67320,1.125758704,0.038787471
AT1G74380,1.124984779,0.032962897
AT3G08620,1.124709742,0.042578485
AT5G17890,1.124384117,0.013233729
AT3G16290,1.122738555,0.040296324
AT2G18220,1.12259135,0.019989838
AT5G66730,1.121707139,0.04347375
AT3G23530,1.121488738,0.027206877
AT3G01650,1.120563409,0.018097602
AT1G69550,1.119493113,0.008849696
AT4G23250,1.115532315,0.009120539
AT5G04870,1.113964693,0.033847541
AT1G48850,1.11315773,0.02827439
AT1G04530,1.112190228,0.025613697
AT3G09360,1.112184296,0.042578485
AT1G61640,1.111908301,0.031958104
AT1G05910,1.111198395,0.018764916
AT3G23570,1.109381416,0.03583212
AT1G62130,1.107805216,0.021815944
AT1G79820,1.107751676,0.041174286
AT4G15430,1.107738273,0.031960916
AT5G64400,1.105374963,0.04155353
AT4G34555,1.104855987,0.049380113
AT4G14368,1.104399863,3.65E-06
AT1G66330,1.10389847,0.024251795
AT3G09150,1.101014917,0.032405992
AT1G79350,1.100639893,0.039860498
AT1G16190,1.100442186,0.021330897
AT3G10310,1.099850918,0.01487082
AT5G13770,1.099232212,0.042010554
AT5G08110,1.096807487,0.015650877
AT5G18636,1.096723725,0.013466938
AT1G02230,1.096694106,0.000927881
AT3G16840,1.096543175,0.033144291
AT5G19900,1.095919799,0.019457413
AT5G43650,1.095802486,0.001159162
AT5G11470,1.095506444,0.041963129
AT4G37910,1.094973832,0.033838008
AT5G43310,1.094971123,0.023353579
AT2G46915,1.094731787,0.017392967
AT4G01010,1.094212752,0.001177122
AT4G00430,1.093096207,0.040939378
AT2G45270,1.092508347,0.019138422
AT1G80670,1.091503457,0.02435944
AT5G62090,1.090763956,0.034565015
AT1G31930,1.090216855,0.037438948
AT1G50460,1.089344968,0.030013841
AT1G73960,1.08877226,0.029468619
AT2G34500,1.088699251,2.58E-05
AT4G37460,1.086413528,0.037368603
AT1G69530,1.08623382,0.04535278
AT5G20170,1.085830818,0.020405099
AT4G00370,1.084569984,0.037203673
AT1G30520,1.084231684,0.047680189
AT1G03470,1.083157141,0.031960916
AT3G61670,1.082386969,0.018166371
AT5G56740,1.081968733,0.028868689
AT2G31840,1.080505683,0.037968521
AT3G07565,1.080307589,0.026556933
AT3G04660,1.080252595,0.001219794
AT3G15550,1.079919865,0.02100109
AT5G01340,1.078178735,0.028956869
AT3G16300,1.077893965,0.023817625
AT4G00305,1.077238976,0.038135741
AT1G26380,1.076997087,0.015110483
AT2G35390,1.075961713,0.035465727
AT1G17980,1.07581343,0.036240623
AT5G44280,1.074311709,0.043640668
AT1G77720,1.07384771,0.047910643
AT5G27680,1.073762861,0.033676857
AT3G62600,1.072577992,0.033397982
AT5G59430,1.072346664,0.029468619
AT2G17410,1.072167239,0.035796758
AT5G15640,1.071183282,0.044819661
AT2G34730,1.071014476,0.025878166
AT2G20300,1.069748633,0.03780816
AT4G30910,1.069071873,0.02937078
AT1G29850,1.068419634,0.037203673
AT1G08540,1.066919545,0.048896099
AT4G27980,1.066891783,0.016639383
AT2G38650,1.066346032,0.032003164
AT3G46100,1.066184953,0.047603173
AT5G59660,1.065595057,0.001380283
AT3G05380,1.065266288,0.042911595
AT1G68410,1.063712046,0.027174243
AT5G11950,1.063009007,0.029303771
AT4G26600,1.062982378,0.023757408
AT1G74030,1.062614771,0.026822093
AT4G25640,1.062130026,0.039088107
AT3G49600,1.062050998,0.034756297
AT5G46740,1.061754602,0.046351516
AT2G31590,1.06131359,0.024051815
AT1G48310,1.061263853,0.04106451
AT1G21740,1.060778852,0.037115197
AT5G38200,1.059784887,0.004196567
AT5G01480,1.058575078,0.04535278
AT5G63390,1.057753822,0.000314934
AT5G03650,1.057485758,0.036995267
AT5G45140,1.057078035,0.03552718
AT1G07850,1.056042455,1.79E-05
AT5G05210,1.054543761,0.048204092
AT5G61790,1.053689859,0.046581438
AT5G58270,1.053211108,0.030065736
AT4G21470,1.052918654,0.032670142
AT3G13330,1.052601326,0.048174315
AT3G48870,1.05187341,0.049382373
AT5G09430,1.051045699,0.004870383
AT4G32730,1.049920876,0.023794622
AT3G04980,1.049493005,0.017687036
AT4G36150,1.048061229,0.01892911
AT1G50140,1.047515578,0.032702422
AT5G57610,1.046273225,0.038126942
AT3G09920,1.045565109,0.031356758
AT1G27910,1.045447658,0.042673876
AT4G33080,1.044623159,0.043498565
AT5G64300,1.044237123,0.04297909
AT3G52100,1.044033175,0.032687776
AT5G44560,1.042357178,0.038980366
AT5G25020,1.042262788,0.027334962
AT1G08650,1.041983117,0.045474481
AT5G01770,1.040756907,0.01403705
AT1G30440,1.039993898,0.037704987
AT4G03100,1.039912871,0.046343992
AT3G54640,1.039480879,0.045303119
AT2G04530,1.03898771,0.037203673
AT1G10300,1.037847633,3.85E-05
AT4G02800,1.036991377,0.046452898
AT2G03880,1.035765872,0.049513638
AT2G26540,1.034657187,0.047858159
AT4G22350,1.034621256,0.031720281
AT4G18020,1.034312858,0.04944182
AT1G24310,1.033863031,0.033794386
AT3G11964,1.032459078,0.037416899
AT4G24740,1.031653977,0.048821598
AT3G44900,1.031353743,0.000563368
AT4G21770,1.031054319,0.041380664
AT5G20220,1.031041029,0.048061706
AT4G03390,1.031029852,0.028154479
AT4G05520,1.029985612,0.037842262
AT3G23580,1.027588195,0.04185257
AT4G32970,1.02742288,0.037333357
AT5G48030,1.026978113,0.037359587
AT4G27370,1.025866989,0.035747211
AT4G09990,1.025383797,0.0280616
AT2G27280,1.024863139,0.000120236
AT5G08420,1.02195344,0.047867706
AT5G66740,1.021681702,0.020740261
AT3G25610,1.020764502,0.021166513
AT1G77600,1.019409698,0.036475656
AT1G48220,1.018109927,0.000929589
AT3G62320,1.017957057,0.047685156
AT4G27570,1.017050536,0.000328475
AT5G42120,1.016839753,0.000331782
AT1G06590,1.015597956,0.045492203
AT1G62740,1.014578779,0.046860949
AT1G06550,1.014483087,0.038415571
AT2G32400,1.012332765,0.029776076
AT5G55520,1.011125589,0.033844973
AT2G27090,1.011097396,0.043475645
AT3G20150,1.010642097,0.021960064
AT4G17380,1.010473547,0.003919348
AT3G23670,1.006637992,0.040419847
AT3G15180,1.004941659,0.044269315
AT5G17310,1.004559239,0.040979268
AT1G57770,1.004337623,0.045644868
AT3G51460,1.004266469,0.034047594
AT2G23420,1.003324581,0.049837369
AT5G51380,1.00278134,0.043410272