GeneID,log2FC_Ox_WT_leaf_protoplast,Ox.leaf.vs.protoplast_q_value
Chir03Ox_b24790.2,9.330204486,8.67E-87
Chir05Ox_b11000.2,8.84087899,2.81E-83
Chir06Ox_b27110.2,10.64133707,9.07E-83
Chir01Ox_b43130.2,8.99774569,8.29E-80
Chir06Ox_b27100.2,10.56734817,4.21E-76
Chir08Ox_b14320.2,8.479295719,3.45E-70
Chir08Ox_b08100.2,7.060768609,8.08E-63
Chir02Ox_b21240.2,8.147132617,9.80E-62
Chir05Ox_b11010.2,7.32607401,1.30E-60
Chir01Ox_b16090.2,8.809182545,7.07E-60
Chir01Ox_b15630.2,5.545467612,2.87E-58
Chir04Ox_b11210.2,10.97764409,3.46E-57
Chir03Ox_b11750.2,9.754604732,1.12E-53
Chir08Ox_b22120.2,6.014809382,1.19E-49
Chir01Ox_b00490.2,5.543994372,4.02E-48
Chir03Ox_b25740.2,5.865711498,1.32E-45
Chir07Ox_b22220.2,6.061253143,1.99E-45
Chir06Ox_b36470.2,6.102263359,1.21E-44
Chir03Ox_b35090.2,6.240574691,8.98E-43
Chir03Ox_b08580.2,5.178603495,1.34E-39
Chir03Ox_b15820.2,6.300503275,6.22E-38
Chir08Ox_b05530.2,5.916809111,2.86E-37
Chir04Ox_b04090.2,7.367859365,5.50E-37
Chir03Ox_b08840.2,4.765728337,6.42E-37
Chir03Ox_b06650.2,5.056318053,6.47E-37
Chir02Ox_b08340.2,4.801574019,8.45E-37
Chir07Ox_b34550.2,4.530729869,2.82E-35
Chir08Ox_b01040.2,4.607746139,3.00E-34
Chir02Ox_b26400.2,4.464757446,7.41E-33
Chir08Ox_b26340.2,4.855708314,1.01E-32
Chir08Ox_b16130.2,6.804090323,1.18E-32
Chir03Ox_b08670.2,5.041208486,1.29E-32
Chir03Ox_b27680.2,5.147485156,5.45E-32
Chir05Ox_b27960.2,4.200022862,8.51E-32
Chir02Ox_b24530.2,4.803689223,1.30E-30
Chir02Ox_b06530.2,5.757680566,3.47E-30
Chir05Ox_b05890.2,5.297591797,7.72E-30
Chir04Ox_b18420.2,5.576830265,9.14E-30
Chir01Ox_b41340.2,4.568981883,1.55E-29
Chir08Ox_b28230.2,4.688012809,1.93E-29
Chir02Ox_b23810.2,4.317026979,2.72E-28
Chir01Ox_b09670.2,4.606734348,1.08E-27
Chir06Ox_b33550.2,7.871649405,1.10E-27
Chir05Ox_b28680.2,3.953830883,2.66E-27
Chir08Ox_b28000.2,4.038167223,5.16E-27
Chir06Ox_b26280.2,4.003531921,8.69E-27
Chir01Ox_b19040.2,4.211719426,1.34E-26
Chir02Ox_b06120.2,4.694896264,1.42E-26
Chir02Ox_b26390.2,4.403408784,1.71E-26
Chir03Ox_b16300.2,4.292727305,3.25E-26
Chir02Ox_b21860.2,4.279077672,3.82E-26
Chir01Ox_b35480.2,3.954792846,1.19E-25
Chir04Ox_b14040.2,4.44751704,1.42E-25
Chir06Ox_b33730.2,5.421303024,2.48E-25
Chir06Ox_b30120.2,5.07206445,2.48E-25
Chir01Ox_b22540.2,5.950120464,2.99E-25
Chir06Ox_b22340.2,4.569461928,8.28E-25
Chir05Ox_b29000.2,4.15265723,3.51E-24
Chir08Ox_b01760.2,3.545236598,3.86E-24
Chir06Ox_b27120.2,3.531912649,4.19E-24
Chir08Ox_b25880.2,3.709834891,6.14E-24
Chir07Ox_b07500.2,3.579048259,8.30E-24
Chir03Ox_b10330.2,3.788033139,8.82E-24
Chir03Ox_b19070.2,3.977832033,9.53E-24
Chir07Ox_b13640.2,4.365523061,1.24E-23
Chir01Ox_b27230.2,4.285932037,1.35E-23
Chir02Ox_b26410.2,4.114492486,3.82E-23
Chir03Ox_b08200.2,4.071064553,7.18E-23
Chir07Ox_b31260.2,3.711735649,1.87E-22
Chir06Ox_b35800.2,5.210486326,2.12E-22
Chir06Ox_b22330.2,3.344881071,7.02E-22
Chir08Ox_b13650.2,5.224091606,7.46E-22
Chir04Ox_b28180.2,3.761863664,8.10E-22
Chir07Ox_b21190.2,3.234295185,8.46E-22
Chir01Ox_b04790.2,4.565620429,1.15E-21
Chir02Ox_b14180.2,4.364385781,1.22E-21
Chir08Ox_b27350.2,5.177460239,1.77E-21
Chir07Ox_b15020.2,3.632051055,2.61E-21
Chir03Ox_b14850.2,3.489635192,4.20E-21
Chir01Ox_b19050.2,3.934184232,6.87E-21
Chir04Ox_b30890.2,4.826753789,6.94E-21
Chir01Ox_b18790.2,4.842955791,7.98E-21
Chir03Ox_b04870.2,4.024091873,1.45E-20
Chir08Ox_b22220.2,4.721470025,3.85E-20
Chir07Ox_b15890.2,3.890976475,8.71E-20
Chir06Ox_b34610.2,4.404620589,1.21E-19
Chir06Ox_b28570.2,3.815307025,1.59E-19
Chir01Ox_b44480.2,5.687217708,6.14E-19
Chir04Ox_b07090.2,3.152368744,8.23E-19
Chir01Ox_b09750.2,2.826694063,9.43E-19
Chir02Ox_b27290.2,2.574263698,1.50E-18
Chir06Ox_b23380.2,3.134020043,1.67E-18
Chir03Ox_b12580.2,3.169986287,2.12E-18
Chir04Ox_b30040.2,4.457678976,2.18E-18
Chir07Ox_b24880.2,4.282022629,2.75E-18
Chir07Ox_b21420.2,3.204295641,4.83E-18
Chir01Ox_b15560.2,3.30220407,5.36E-18
Chir03Ox_b24540.2,3.011590732,5.44E-18
Chir04Ox_b11660.2,2.919338321,6.52E-18
Chir07Ox_b24850.2,3.360740237,7.66E-18
Chir01Ox_b09940.2,3.076157979,9.00E-18
Chir03Ox_b13160.2,4.047549267,1.53E-17
Chir06Ox_b37000.2,3.454798579,2.67E-17
Chir05Ox_b19480.2,3.112998102,3.06E-17
Chir01Ox_b08300.2,2.943214007,6.20E-17
Chir01Ox_b35840.2,3.837858706,6.25E-17
Chir01Ox_b21300.2,4.367991028,7.01E-17
Chir01Ox_b06550.2,3.952423646,7.52E-17
Chir04Ox_b24250.2,2.861059853,1.10E-16
Chir01Ox_b14200.2,3.098296674,1.17E-16
Chir04Ox_b30080.2,7.771740147,1.54E-16
Chir06Ox_b23370.2,3.007246004,2.09E-16
Chir01Ox_b08600.2,3.005516383,2.92E-16
Chir07Ox_b34790.2,4.567534688,4.84E-16
Chir06Ox_b26290.2,2.821523179,5.39E-16
Chir08Ox_b20270.2,3.090230558,6.45E-16
Chir06Ox_b22480.2,2.816818425,6.81E-16
Chir02Ox_b17560.2,4.092202792,8.07E-16
Chir05Ox_b17540.2,2.630073489,9.54E-16
Chir01Ox_b06830.2,3.03628872,1.03E-15
Chir06Ox_b35600.2,3.120771521,1.14E-15
Chir08Ox_b09170.2,3.121230942,1.65E-15
Chir08Ox_b25130.2,2.65670067,1.77E-15
Chir06Ox_b27580.2,2.540037608,1.90E-15
Chir03Ox_b04880.2,2.570183734,3.12E-15
Chir05Ox_b17290.2,3.553083216,3.16E-15
Chir07Ox_b24490.2,3.365369268,3.26E-15
Chir01Ox_b00930.2,2.95725083,3.31E-15
Chir07Ox_b34810.2,3.304411317,4.84E-15
Chir06Ox_b09670.2,2.855256135,5.71E-15
Chir07Ox_b18650.2,4.191356571,8.74E-15
Chir08Ox_b25850.2,3.440584138,1.14E-14
Chir07Ox_b24840.2,2.730672552,1.29E-14
Chir07Ox_b36050.2,4.606218646,1.40E-14
Chir06Ox_b11230.2,4.832203157,1.92E-14
Chir03Ox_b08590.2,3.856180458,1.92E-14
Chir08Ox_b06310.2,2.65603387,3.05E-14
Chir08Ox_b26860.2,2.710180843,3.37E-14
Chir03Ox_b21220.2,3.255763246,3.41E-14
Chir04Ox_b11600.2,3.072570878,5.25E-14
Chir03Ox_b08610.2,5.005617813,6.59E-14
Chir03Ox_b09450.2,2.880953812,6.59E-14
Chir01Ox_b19210.2,5.423177839,8.90E-14
Chir06Ox_b28010.2,3.087725675,1.01E-13
Chir07Ox_b13870.2,2.49254242,1.42E-13
Chir07Ox_b33530.2,4.338230733,1.57E-13
Chir04Ox_b29980.2,2.852566633,1.76E-13
Chir01Ox_b43930.2,2.984043717,1.88E-13
Chir02Ox_b12380.2,4.095023826,1.94E-13
Chir03Ox_b02190.2,2.447861314,2.63E-13
Chir03Ox_b09730.2,2.398533985,2.69E-13
Chir04Ox_b23780.2,3.788011237,2.79E-13
Chir03Ox_b06020.2,2.825431053,2.85E-13
Chir02Ox_b25300.2,3.472639579,3.21E-13
Chir01Ox_b13460.2,3.550864141,4.47E-13
Chir07Ox_b27030.2,4.598928248,5.65E-13
Chir03Ox_b01680.2,2.372042772,5.72E-13
Chir01Ox_b22240.2,2.400903969,6.90E-13
Chir01Ox_b39460.2,2.625628061,7.08E-13
Chir06Ox_b35330.2,2.473007295,7.73E-13
Chir02Ox_b19770.2,3.271718489,9.27E-13
Chir04Ox_b29430.2,2.570294714,9.77E-13
Chir07Ox_b17870.2,2.674748713,9.89E-13
Chir04Ox_b22620.2,2.701735923,1.08E-12
Chir03Ox_b06370.2,2.62688882,1.24E-12
Chir02Ox_b18190.2,2.530031557,1.65E-12
Chir03Ox_b01990.2,4.173245329,1.70E-12
Chir02Ox_b21260.2,2.482223119,1.99E-12
Chir06Ox_b36730.2,3.329702706,2.10E-12
Chir04Ox_b12170.2,3.272240858,3.46E-12
Chir06Ox_b35240.2,3.303907281,3.57E-12
Chir05Ox_b02040.2,2.968108306,3.92E-12
Chir07Ox_b31230.2,2.947436829,4.23E-12
Chir08Ox_b27240.2,3.176270267,4.49E-12
Chir04Ox_b22210.2,3.424167909,5.03E-12
Chir03Ox_b14310.2,2.596236975,5.47E-12
Chir03Ox_b19410.2,2.612487696,5.54E-12
Chir05Ox_b16140.2,3.79561027,5.95E-12
Chir07Ox_b23050.2,2.94102469,6.00E-12
Chir01Ox_b17260.2,4.071693183,6.50E-12
Chir06Ox_b27560.2,2.419841635,6.61E-12
Chir01Ox_b17940.2,2.337366831,6.61E-12
Chir03Ox_b20540.2,2.306162549,7.05E-12
Chir01Ox_b23250.2,2.635976675,8.25E-12
Chir08Ox_b06880.2,3.223614029,9.05E-12
Chir04Ox_b14070.2,5.035842857,9.52E-12
Chir08Ox_b04280.2,3.039778365,9.52E-12
Chir05Ox_b22470.2,2.316512052,1.04E-11
Chir06Ox_b29720.2,3.384957709,1.05E-11
Chir08Ox_b25280.2,2.406804615,1.08E-11
Chir01Ox_b20280.2,2.246766601,1.13E-11
Chir03Ox_b11060.2,2.417218159,1.24E-11
Chir07Ox_b29320.2,2.23459053,1.37E-11
Chir03Ox_b21320.2,2.185439858,1.39E-11
Chir06Ox_b27400.2,2.191601288,1.42E-11
Chir03Ox_b05230.2,3.095707736,1.60E-11
Chir07Ox_b24430.2,2.680925216,1.86E-11
Chir04Ox_b30210.2,2.489665532,1.94E-11
Chir03Ox_b14860.2,2.674142242,2.13E-11
Chir01Ox_b07370.2,3.967239054,2.33E-11
Chir05Ox_b18200.2,2.985442708,2.37E-11
Chir07Ox_b14290.2,2.597821382,2.89E-11
Chir08Ox_b29610.2,2.606649307,2.97E-11
Chir05Ox_b11450.2,2.598214727,3.12E-11
Chir08Ox_b04210.2,4.240588048,4.11E-11
Chir05Ox_b10450.2,2.466038543,4.31E-11
Chir01Ox_b26560.2,3.307829582,5.25E-11
Chir01Ox_b26550.2,2.131125887,5.32E-11
Chir08Ox_b30360.2,2.781796136,5.35E-11
Chir08Ox_b24330.2,2.351459058,5.45E-11
Chir04Ox_b21750.2,2.731038878,6.38E-11
Chir02Ox_b06760.2,2.370825832,7.20E-11
Chir07Ox_b11810.2,2.434212751,9.29E-11
Chir01Ox_b17950.2,2.40668642,9.29E-11
Chir05Ox_b17850.2,2.417893803,9.33E-11
Chir08Ox_b13640.2,2.253214391,9.35E-11
Chir04Ox_b28500.2,2.040082685,9.35E-11
Chir03Ox_b35590.2,2.242775151,9.82E-11
Chir06Ox_b00940.2,2.214124014,9.82E-11
Chir08Ox_b27100.2,2.462369612,1.18E-10
Chir08Ox_b12210.2,2.107528328,1.30E-10
Chir01Ox_b43140.2,3.314545474,1.82E-10
Chir07Ox_b20020.2,2.215757026,1.90E-10
Chir01Ox_b17270.2,3.515537056,1.95E-10
Chir08Ox_b12860.2,2.422680036,2.00E-10
Chir02Ox_b26550.2,2.005490299,2.20E-10
Chir01Ox_b18240.2,2.33820242,2.25E-10
Chir01Ox_b27900.2,2.24544414,2.31E-10
Chir01Ox_b28230.2,3.296770903,2.70E-10
Chir08Ox_b18010.2,2.225903863,2.80E-10
Chir03Ox_b32340.2,2.641715297,3.09E-10
Chir06Ox_b00160.2,2.141926472,3.15E-10
Chir07Ox_b21480.2,1.88887893,3.58E-10
Chir07Ox_b00110.2,2.693123222,3.92E-10
Chir03Ox_b19820.2,2.236446088,4.08E-10
Chir01Ox_b11880.2,2.300983678,4.22E-10
Chir01Ox_b16150.2,2.572980574,4.41E-10
Chir06Ox_b07420.2,2.185270711,4.56E-10
Chir01Ox_b42050.2,2.100927992,5.09E-10
Chir07Ox_b31580.2,4.605210297,5.57E-10
Chir01Ox_b20020.2,2.447247118,5.81E-10
Chir07Ox_b17880.2,2.568666761,5.93E-10
Chir05Ox_b00160.2,2.272635698,6.71E-10
Chir01Ox_b19010.2,2.651397127,6.95E-10
Chir05Ox_b07630.2,2.664175463,7.03E-10
Chir04Ox_b27310.2,2.361946035,7.06E-10
Chir02Ox_b01280.2,2.176637635,7.86E-10
Chir01Ox_b09660.2,2.171022735,7.86E-10
Chir05Ox_b03030.2,2.267430173,8.14E-10
Chir03Ox_b10670.2,2.154102193,8.52E-10
Chir05Ox_b22740.2,2.464853381,9.79E-10
Chir08Ox_b13020.2,3.181955442,1.01E-09
Chir01Ox_b19270.2,2.4784317,1.03E-09
Chir07Ox_b06640.2,2.260479434,1.22E-09
Chir03Ox_b06830.2,2.103413765,1.28E-09
Chir05Ox_b12860.2,2.570083701,1.31E-09
Chir01Ox_b06750.2,2.13146348,1.34E-09
Chir05Ox_b26910.2,2.463258105,1.42E-09
Chir01Ox_b24310.2,2.256042739,1.47E-09
Chir06Ox_b11310.2,4.390488109,1.94E-09
Chir07Ox_b34590.2,3.564195768,1.99E-09
Chir01Ox_b16100.2,3.066544606,1.99E-09
Chir01Ox_b33800.2,2.639204015,2.19E-09
Chir03Ox_b13740.2,2.344891042,2.42E-09
Chir03Ox_b24240.2,1.948311075,2.42E-09
Chir02Ox_b23780.2,4.006104399,2.46E-09
Chir01Ox_b20000.2,1.976152253,2.46E-09
Chir01Ox_b01340.2,3.830197805,2.57E-09
Chir08Ox_b00960.2,5.543055798,2.78E-09
Chir01Ox_b26510.2,3.432787129,3.15E-09
Chir02Ox_b23730.2,1.954108684,3.17E-09
Chir08Ox_b14810.2,1.920295297,3.24E-09
Chir05Ox_b28100.2,1.991617518,3.43E-09
Chir02Ox_b03250.2,2.175494234,3.95E-09
Chir02Ox_b26420.2,2.120408427,4.10E-09
Chir02Ox_b19780.2,2.313954084,4.30E-09
Chir03Ox_b15000.2,2.489893458,4.48E-09
Chir02Ox_b16220.2,1.972310007,4.65E-09
Chir06Ox_b16600.2,1.825737727,4.81E-09
Chir01Ox_b11870.2,2.083751388,4.89E-09
Chir02Ox_b22010.2,2.039714397,5.30E-09
Chir06Ox_b29710.2,2.110106772,5.33E-09
Chir03Ox_b04560.2,2.346055852,5.49E-09
Chir01Ox_b23490.2,2.228392879,5.49E-09
Chir02Ox_b01810.2,2.091754111,5.72E-09
Chir04Ox_b06610.2,2.112315588,5.89E-09
Chir03Ox_b15300.2,2.023892152,6.36E-09
Chir01Ox_b24300.2,1.932485121,6.94E-09
Chir01Ox_b01520.2,4.143610588,7.13E-09
Chir06Ox_b34700.2,2.032095931,7.48E-09
Chir03Ox_b20760.2,2.724023993,7.79E-09
Chir01Ox_b27140.2,2.470740395,7.95E-09
Chir08Ox_b01280.2,1.936669144,8.88E-09
Chir02Ox_b00390.2,1.915375779,9.43E-09
Chir08Ox_b16450.2,2.80682576,9.44E-09
Chir04Ox_b30070.2,2.971478455,1.04E-08
Chir01Ox_b06540.2,2.855526877,1.05E-08
Chir07Ox_b14280.2,3.149746389,1.06E-08
Chir01Ox_b19180.2,2.167713394,1.06E-08
Chir08Ox_b01180.2,2.273562924,1.15E-08
Chir05Ox_b28310.2,2.366019617,1.29E-08
Chir06Ox_b09550.2,2.846693048,1.32E-08
Chir01Ox_b20360.2,2.28761887,1.42E-08
Chir06Ox_b05300.2,2.084122345,1.49E-08
Chir07Ox_b01250.2,2.013779111,1.59E-08
Chir04Ox_b30110.2,2.896098523,1.77E-08
Chir07Ox_b18070.2,3.516051321,1.88E-08
Chir02Ox_b16380.2,2.042749587,1.94E-08
Chir04Ox_b15170.2,1.723890308,2.06E-08
Chir05Ox_b09320.2,1.87105566,2.29E-08
Chir01Ox_b40620.2,1.827998137,2.29E-08
Chir05Ox_b21500.2,3.210768649,2.38E-08
Chir04Ox_b29410.2,2.000101321,2.45E-08
Chir01Ox_b03250.2,1.528958052,2.46E-08
Chir08Ox_b21820.2,3.102232583,2.61E-08
Chir01Ox_b01150.2,1.84477105,2.61E-08
Chir02Ox_b02170.2,1.805005107,2.61E-08
Chir02Ox_b01350.2,1.820117237,2.64E-08
Chir08Ox_b06930.2,2.255718675,2.73E-08
Chir07Ox_b35660.2,2.110378409,2.73E-08
Chir01Ox_b44610.2,1.65960097,2.73E-08
Chir07Ox_b35120.2,2.412625495,2.75E-08
Chir01Ox_b00470.2,2.60221629,2.81E-08
Chir08Ox_b26780.2,1.864660751,2.81E-08
Chir04Ox_b21380.2,2.704396271,2.86E-08
Chir02Ox_b16910.2,2.053938044,2.95E-08
Chir01Ox_b41530.2,1.93800565,2.95E-08
Chir08Ox_b25020.2,3.733053542,3.01E-08
Chir05Ox_b01980.2,1.963263336,3.20E-08
Chir02Ox_b17680.2,2.295259455,3.21E-08
Chir01Ox_b00600.2,1.785651871,3.21E-08
Chir08Ox_b16920.2,1.754520566,3.46E-08
Chir08Ox_b24590.2,1.838907078,3.97E-08
Chir08Ox_b02350.2,1.935399439,4.24E-08
Chir03Ox_b28090.2,1.902225877,4.50E-08
Chir07Ox_b31600.2,2.46268116,4.69E-08
Chir01Ox_b43150.2,4.04886747,4.82E-08
Chir06Ox_b03580.2,1.84985077,5.16E-08
Chir03Ox_b35570.2,2.518629338,5.17E-08
Chir08Ox_b06770.2,1.847562828,5.17E-08
Chir01Ox_b17460.2,1.795842198,5.17E-08
Chir06Ox_b13900.2,2.217902774,5.65E-08
Chir02Ox_b21330.2,2.391760338,5.92E-08
Chir01Ox_b01510.2,2.836628398,5.98E-08
Chir08Ox_b20630.2,2.297838645,6.12E-08
Chir07Ox_b14340.2,1.934635527,6.23E-08
Chir05Ox_b03170.2,3.023925641,6.33E-08
Chir05Ox_b16450.2,2.012635017,6.34E-08
Chir07Ox_b27480.2,2.250800405,6.43E-08
Chir03Ox_b06960.2,1.917871667,7.15E-08
Chir07Ox_b19280.2,2.350706277,7.22E-08
Chir03Ox_b27580.2,2.708909638,7.37E-08
Chir01Ox_b32770.2,1.698517796,7.50E-08
Chir03Ox_b12790.2,1.829611099,7.56E-08
Chir02Ox_b20260.2,1.750839622,7.56E-08
Chir07Ox_b34260.2,2.41366514,7.62E-08
Chir04Ox_b29140.2,1.9491373,8.14E-08
Chir03Ox_b20290.2,2.599154463,8.23E-08
Chir05Ox_b01860.2,1.8515408,8.67E-08
Chir04Ox_b30050.2,3.486661822,8.90E-08
Chir01Ox_b21930.2,1.926819626,9.00E-08
Chir07Ox_b21620.2,2.417480175,9.01E-08
Chir08Ox_b25900.2,1.934452291,9.39E-08
Chir06Ox_b00600.2,2.103186295,1.05E-07
Chir06Ox_b00590.2,2.010373421,1.06E-07
Chir02Ox_b25090.2,1.657896831,1.07E-07
Chir05Ox_b21190.2,3.081582687,1.11E-07
Chir02Ox_b21390.2,2.815916379,1.13E-07
Chir03Ox_b07420.2,1.720321871,1.15E-07
Chir06Ox_b22400.2,2.415749267,1.16E-07
Chir07Ox_b05390.2,3.659933569,1.18E-07
Chir07Ox_b30600.2,2.157492909,1.27E-07
Chir05Ox_b17900.2,2.416674355,1.29E-07
Chir06Ox_b37710.2,3.807378641,1.35E-07
Chir03Ox_b12590.2,1.670568188,1.35E-07
Chir01Ox_b14850.2,1.768179768,1.48E-07
Chir07Ox_b24560.2,2.195442332,1.54E-07
Chir02Ox_b19660.2,2.98230896,1.63E-07
Chir04Ox_b29230.2,1.862084423,1.67E-07
Chir01Ox_b13760.2,1.665735079,1.67E-07
Chir02Ox_b23490.2,1.677914176,1.70E-07
Chir04Ox_b27680.2,2.045951006,1.73E-07
Chir06Ox_b12480.2,2.543424235,1.91E-07
Chir03Ox_b04980.2,1.657330343,2.11E-07
Chir06Ox_b34130.2,1.75200754,2.25E-07
Chir02Ox_b11760.2,2.05196277,2.36E-07
Chir07Ox_b21450.2,2.189914338,2.53E-07
Chir08Ox_b17070.2,3.264800999,2.54E-07
Chir03Ox_b14480.2,2.00858109,2.59E-07
Chir01Ox_b16160.2,2.000240112,2.70E-07
Chir01Ox_b05390.2,1.759980171,2.72E-07
Chir07Ox_b19510.2,1.859724243,2.76E-07
Chir06Ox_b18130.2,1.459921914,2.86E-07
Chir07Ox_b26680.2,2.40564644,2.96E-07
Chir06Ox_b18790.2,2.572311399,3.03E-07
Chir02Ox_b18110.2,3.21115046,3.20E-07
Chir06Ox_b32830.2,2.327107278,3.20E-07
Chir06Ox_b26390.2,1.698587055,3.38E-07
Chir02Ox_b27880.2,2.314230693,3.53E-07
Chir06Ox_b20830.2,2.188846555,3.67E-07
Chir03Ox_b07330.2,1.578902801,3.81E-07
Chir03Ox_b09500.2,1.682023395,4.10E-07
Chir04Ox_b15460.2,1.800589919,4.23E-07
Chir03Ox_b21130.2,1.874738966,4.46E-07
Chir04Ox_b16830.2,1.672961096,4.46E-07
Chir08Ox_b15450.2,1.868849575,4.48E-07
Chir06Ox_b00800.2,1.914235529,4.97E-07
Chir03Ox_b09490.2,3.155482402,4.99E-07
Chir05Ox_b16280.2,1.614083964,5.68E-07
Chir03Ox_b12260.2,1.781975614,5.94E-07
Chir03Ox_b02250.2,1.614888478,6.51E-07
Chir01Ox_b36020.2,1.595909734,6.94E-07
Chir08Ox_b17100.2,1.619498159,7.15E-07
Chir02Ox_b16390.2,3.671282469,7.21E-07
Chir03Ox_b10680.2,1.705277185,7.41E-07
Chir06Ox_b25780.2,2.682713047,7.83E-07
Chir05Ox_b01650.2,1.576672246,7.84E-07
Chir06Ox_b24720.2,2.341013759,8.24E-07
Chir07Ox_b31870.2,3.160304033,8.32E-07
Chir05Ox_b21260.2,1.615072647,8.66E-07
Chir01Ox_b22550.2,2.925953401,8.68E-07
Chir01Ox_b37000.2,2.552258945,8.91E-07
Chir07Ox_b05270.2,2.066009259,9.73E-07
Chir02Ox_b22930.2,1.620987662,1.00E-06
Chir06Ox_b27490.2,1.644069096,1.01E-06
Chir01Ox_b18340.2,1.712615478,1.06E-06
Chir07Ox_b36330.2,2.490507593,1.08E-06
Chir01Ox_b13830.2,1.551472368,1.09E-06
Chir06Ox_b31560.2,2.306647679,1.22E-06
Chir01Ox_b23200.2,1.893906206,1.23E-06
Chir06Ox_b37540.2,1.665383339,1.27E-06
Chir02Ox_b17180.2,1.753975195,1.30E-06
Chir05Ox_b20600.2,1.789157777,1.35E-06
Chir07Ox_b24920.2,1.706462367,1.46E-06
Chir01Ox_b02360.2,1.538878983,1.47E-06
Chir06Ox_b05770.2,3.895495282,1.50E-06
Chir06Ox_b12410.2,2.007615344,1.54E-06
Chir02Ox_b14110.2,1.608697128,1.54E-06
Chir01Ox_b04930.2,2.392535154,1.56E-06
Chir07Ox_b22420.2,1.612234185,1.63E-06
Chir07Ox_b23830.2,1.577322135,1.64E-06
Chir03Ox_b23000.2,2.279521954,1.65E-06
Chir05Ox_b15090.2,1.571920988,1.65E-06
Chir02Ox_b27340.2,1.624421223,1.76E-06
Chir03Ox_b07940.2,1.548077327,1.80E-06
Chir07Ox_b32320.2,2.066015141,1.81E-06
Chir06Ox_b00730.2,1.659773786,1.85E-06
Chir06Ox_b15160.2,1.882274567,1.89E-06
Chir02Ox_b04700.2,3.241233593,1.98E-06
Chir06Ox_b05260.2,2.581771444,2.02E-06
Chir02Ox_b18860.2,1.605633121,2.04E-06
Chir02Ox_b01770.2,2.02348744,2.05E-06
Chir05Ox_b19340.2,2.354533935,2.13E-06
Chir07Ox_b24120.2,1.563412021,2.24E-06
Chir04Ox_b13900.2,1.839824005,2.26E-06
Chir05Ox_b14560.2,2.14595507,2.39E-06
Chir02Ox_b01480.2,1.889169295,2.41E-06
Chir08Ox_b29890.2,1.934705213,2.49E-06
Chir01Ox_b38380.2,3.63422203,2.55E-06
Chir06Ox_b23950.2,1.634998281,2.55E-06
Chir01Ox_b26940.2,1.889090355,2.57E-06
Chir06Ox_b14950.2,1.926976901,2.88E-06
Chir04Ox_b23710.2,1.559219917,2.88E-06
Chir01Ox_b12490.2,4.40459788,2.89E-06
Chir04Ox_b04720.2,1.6024632,2.98E-06
Chir01Ox_b01780.2,1.682920853,3.02E-06
Chir08Ox_b14050.2,2.902282104,3.05E-06
Chir02Ox_b11880.2,3.569764642,3.16E-06
Chir07Ox_b13980.2,2.459928221,3.19E-06
Chir03Ox_b22950.2,2.336831985,3.25E-06
Chir07Ox_b35150.2,2.88550589,3.28E-06
Chir01Ox_b27450.2,1.964373863,3.39E-06
Chir02Ox_b27860.2,2.18260103,3.40E-06
Chir08Ox_b02490.2,3.013566319,3.59E-06
Chir08Ox_b16120.2,1.539540941,3.61E-06
Chir03Ox_b17360.2,2.414272021,3.64E-06
Chir04Ox_b02190.2,2.671617362,3.72E-06
Chir01Ox_b23640.2,1.734484714,3.73E-06
Chir07Ox_b13660.2,1.781991937,3.91E-06
Chir04Ox_b22820.2,2.846299888,4.06E-06
Chir08Ox_b23260.2,1.562544136,4.08E-06
Chir02Ox_b06480.2,1.638760575,4.13E-06
Chir05Ox_b01960.2,2.476273319,4.27E-06
Chir08Ox_b21010.2,1.574872344,4.27E-06
Chir04Ox_b26160.2,1.463910677,4.34E-06
Chir03Ox_b11930.2,1.585742069,4.35E-06
Chir07Ox_b31760.2,1.517137565,4.41E-06
Chir07Ox_b31250.2,2.481871043,4.45E-06
Chir04Ox_b29990.2,1.533939905,4.65E-06
Chir03Ox_b19670.2,1.510107894,4.68E-06
Chir08Ox_b30570.2,1.715126676,4.75E-06
Chir01Ox_b24060.2,2.572729606,4.97E-06
Chir08Ox_b00090.2,2.062479201,4.99E-06
Chir01Ox_b11460.2,2.087196532,5.17E-06
Chir05Ox_b24920.2,1.445900666,5.19E-06
Chir01Ox_b18750.2,1.563291751,5.28E-06
Chir05Ox_b20470.2,1.642181668,5.50E-06
Chir05Ox_b23200.2,2.021398216,5.52E-06
Chir03Ox_b11000.2,1.442783361,5.67E-06
Chir06Ox_b07970.2,3.572177812,5.90E-06
Chir07Ox_b33500.2,2.274666838,6.02E-06
Chir08Ox_b01150.2,1.451928166,6.09E-06
Chir04Ox_b20060.2,2.511626764,6.13E-06
Chir07Ox_b33460.2,1.524370084,6.19E-06
Chir01Ox_b20640.2,2.130387008,6.38E-06
Chir03Ox_b13560.2,1.765929946,6.38E-06
Chir02Ox_b04730.2,1.696214588,6.45E-06
Chir08Ox_b19140.2,1.440846656,6.58E-06
Chir08Ox_b14350.2,1.509629127,6.97E-06
Chir06Ox_b25590.2,2.818753525,7.20E-06
Chir03Ox_b03170.2,2.37882784,7.31E-06
Chir02Ox_b21920.2,2.503338957,7.56E-06
Chir03Ox_b27450.2,3.006773539,7.57E-06
Chir01Ox_b14530.2,2.743753868,7.84E-06
Chir05Ox_b00660.2,1.538819768,8.52E-06
Chir06Ox_b15100.2,2.890752613,8.59E-06
Chir01Ox_b26500.2,1.499950632,8.67E-06
Chir06Ox_b17520.2,1.744885911,8.75E-06
Chir08Ox_b04010.2,1.603739197,9.07E-06
Chir03Ox_b07410.2,1.43862577,9.07E-06
Chir05Ox_b19280.2,1.708369362,9.26E-06
Chir08Ox_b28150.2,1.466566029,9.50E-06
Chir01Ox_b18310.2,2.468368771,9.89E-06
Chir07Ox_b08920.2,1.507470838,1.02E-05
Chir03Ox_b10950.2,1.419045871,1.18E-05
Chir06Ox_b25890.2,1.394580984,1.20E-05
Chir05Ox_b27920.2,1.440647659,1.26E-05
Chir08Ox_b24400.2,1.928813683,1.32E-05
Chir07Ox_b29950.2,1.150971716,1.32E-05
Chir03Ox_b17260.2,1.500923047,1.35E-05
Chir06Ox_b29990.2,1.377059963,1.38E-05
Chir08Ox_b03140.2,1.384644096,1.53E-05
Chir07Ox_b27560.2,1.710991926,1.57E-05
Chir06Ox_b25480.2,1.367310172,1.60E-05
Chir08Ox_b04040.2,1.551518093,1.61E-05
Chir04Ox_b01780.2,1.736304187,1.67E-05
Chir05Ox_b21000.2,1.425253957,1.75E-05
Chir03Ox_b17170.2,1.887515895,1.76E-05
Chir02Ox_b02550.2,2.527252533,1.77E-05
Chir08Ox_b06140.2,1.382890471,1.77E-05
Chir08Ox_b17990.2,1.410859869,1.79E-05
Chir08Ox_b16840.2,1.826146347,1.80E-05
Chir01Ox_b03850.2,1.329686543,1.81E-05
Chir01Ox_b05160.2,1.926909507,1.85E-05
Chir01Ox_b09200.2,1.87611388,1.85E-05
Chir01Ox_b07360.2,1.462286968,1.85E-05
Chir01Ox_b07380.2,1.514760433,1.90E-05
Chir03Ox_b10230.2,2.019071854,1.92E-05
Chir06Ox_b35830.2,1.40359155,1.98E-05
Chir02Ox_b07370.2,1.007134154,1.99E-05
Chir01Ox_b12680.2,1.928893643,2.05E-05
Chir05Ox_b28970.2,1.615057482,2.05E-05
Chir08Ox_b04700.2,2.492852916,2.13E-05
Chir01Ox_b09760.2,1.445568029,2.21E-05
Chir05Ox_b17530.2,1.38663055,2.22E-05
Chir03Ox_b02040.2,1.537512791,2.25E-05
Chir08Ox_b00700.2,1.388345541,2.25E-05
Chir06Ox_b28550.2,1.813703039,2.26E-05
Chir05Ox_b10810.2,2.664367164,2.38E-05
Chir08Ox_b25370.2,1.895691878,2.67E-05
Chir07Ox_b31360.2,1.35942952,2.70E-05
Chir04Ox_b28830.2,1.618609328,2.84E-05
Chir04Ox_b11910.2,1.831173139,2.88E-05
Chir08Ox_b13670.2,3.159370555,2.96E-05
Chir06Ox_b26270.2,1.441640785,3.08E-05
Chir07Ox_b24020.2,2.317095117,3.11E-05
Chir02Ox_b21880.2,1.408434397,3.12E-05
Chir05Ox_b03020.2,2.438053978,3.13E-05
Chir07Ox_b27510.2,1.357047058,3.15E-05
Chir01Ox_b04310.2,2.667332219,3.18E-05
Chir03Ox_b10290.2,1.641865044,3.23E-05
Chir07Ox_b22060.2,1.364033117,3.26E-05
Chir06Ox_b03760.2,1.307916248,3.51E-05
Chir05Ox_b12350.2,2.996327463,3.58E-05
Chir07Ox_b05870.2,1.388144828,3.60E-05
Chir02Ox_b25120.2,1.477622809,3.69E-05
Chir06Ox_b37660.2,1.349806451,3.76E-05
Chir06Ox_b35230.2,2.92860906,3.79E-05
Chir02Ox_b01790.2,2.117896108,3.79E-05
Chir02Ox_b27280.2,1.524944138,3.89E-05
Chir01Ox_b09150.2,1.472423592,3.92E-05
Chir03Ox_b12330.2,1.285717043,3.92E-05
Chir05Ox_b03190.2,2.677181773,4.00E-05
Chir05Ox_b06010.2,2.09261215,4.03E-05
Chir02Ox_b16560.2,1.41825078,4.10E-05
Chir07Ox_b30560.2,1.254862277,4.11E-05
Chir05Ox_b23740.2,2.589901707,4.16E-05
Chir03Ox_b07960.2,1.372536441,4.16E-05
Chir03Ox_b08600.2,1.723420049,4.31E-05
Chir05Ox_b11470.2,2.21437351,4.51E-05
Chir01Ox_b05690.2,1.351710964,4.62E-05
Chir04Ox_b01820.2,1.755806719,4.73E-05
Chir06Ox_b17620.2,1.643725828,4.73E-05
Chir04Ox_b08870.2,2.803553957,4.76E-05
Chir07Ox_b14990.2,1.44977833,4.79E-05
Chir01Ox_b44370.2,2.514615767,4.83E-05
Chir02Ox_b09480.2,1.559866599,4.93E-05
Chir04Ox_b24220.2,2.880310068,5.03E-05
Chir06Ox_b12530.2,1.335296683,5.10E-05
Chir01Ox_b15620.2,1.329624764,5.11E-05
Chir04Ox_b11090.2,1.365225305,5.14E-05
Chir06Ox_b09340.2,1.274722608,5.74E-05
Chir08Ox_b02360.2,2.281388748,5.92E-05
Chir05Ox_b14770.2,1.324206844,5.98E-05
Chir01Ox_b18770.2,1.29077935,6.03E-05
Chir06Ox_b20910.2,1.463340912,6.20E-05
Chir01Ox_b34420.2,2.144195315,6.23E-05
Chir08Ox_b26540.2,2.071889478,6.39E-05
Chir06Ox_b33570.2,2.062446773,6.46E-05
Chir01Ox_b11530.2,3.480004218,6.53E-05
Chir07Ox_b22690.2,1.359918349,6.53E-05
Chir06Ox_b33770.2,1.595345684,6.65E-05
Chir06Ox_b27530.2,1.322757078,6.65E-05
Chir05Ox_b18330.2,1.529216917,6.72E-05
Chir02Ox_b13170.2,1.489686238,6.84E-05
Chir06Ox_b28720.2,1.332643035,6.87E-05
Chir06Ox_b24470.2,1.5380968,6.94E-05
Chir01Ox_b20350.2,1.957674699,6.96E-05
Chir05Ox_b23080.2,1.3954304,6.96E-05
Chir04Ox_b15680.2,2.121638806,7.14E-05
Chir06Ox_b03640.2,1.945285767,7.14E-05
Chir05Ox_b22190.2,1.88173757,7.14E-05
Chir03Ox_b15730.2,1.551101766,7.15E-05
Chir03Ox_b15520.2,1.649062493,7.19E-05
Chir03Ox_b12320.2,1.253461357,7.52E-05
Chir04Ox_b29200.2,1.394872297,7.53E-05
Chir01Ox_b15540.2,2.700797171,7.64E-05
Chir08Ox_b26790.2,1.254556726,7.64E-05
Chir06Ox_b06950.2,1.798887516,7.77E-05
Chir07Ox_b27710.2,1.324554697,7.77E-05
Chir07Ox_b25140.2,1.369300333,7.86E-05
Chir07Ox_b27150.2,1.292136965,7.89E-05
Chir01Ox_b31530.2,2.427926255,7.96E-05
Chir01Ox_b00230.2,1.392864545,8.45E-05
Chir01Ox_b02120.2,1.574356988,8.55E-05
Chir03Ox_b05660.2,1.264739609,8.70E-05
Chir08Ox_b25890.2,1.781421209,8.77E-05
Chir03Ox_b34270.2,1.63496014,9.00E-05
Chir05Ox_b27440.2,1.177248229,9.01E-05
Chir06Ox_b19710.2,1.501524491,9.58E-05
Chir03Ox_b06770.2,1.477634499,9.59E-05
Chir08Ox_b24540.2,1.459593649,9.63E-05
Chir08Ox_b24980.2,1.634867182,9.85E-05
Chir01Ox_b28240.2,1.401388416,0.000101761
Chir06Ox_b33590.2,2.591434372,0.000103081
Chir01Ox_b13450.2,1.353908881,0.000104668
Chir02Ox_b03930.2,1.533501274,0.000105305
Chir08Ox_b27220.2,1.35347564,0.000105357
Chir06Ox_b24620.2,1.55241949,0.000106044
Chir02Ox_b24320.2,1.22090592,0.000111719
Chir01Ox_b00940.2,1.30978772,0.000112946
Chir06Ox_b00660.2,1.930624735,0.000113033
Chir03Ox_b14110.2,3.020637442,0.000114537
Chir03Ox_b17580.2,1.063846606,0.000115836
Chir08Ox_b15470.2,1.911922389,0.000118151
Chir07Ox_b24370.2,1.174208586,0.000121735
Chir07Ox_b29080.2,2.584657791,0.00012347
Chir07Ox_b33540.2,1.366467304,0.000131011
Chir08Ox_b13850.2,1.292410096,0.000133624
Chir06Ox_b36100.2,1.370049458,0.000134644
Chir05Ox_b19500.2,1.740774146,0.00013509
Chir04Ox_b05530.2,1.32204067,0.00013509
Chir06Ox_b34020.2,1.328781079,0.000136489
Chir08Ox_b25670.2,2.115486642,0.00013821
Chir08Ox_b05900.2,1.226647871,0.00013821
Chir01Ox_b20840.2,1.476599053,0.000140016
Chir05Ox_b21610.2,2.724462594,0.000142959
Chir01Ox_b29880.2,1.141854476,0.000143546
Chir06Ox_b20080.2,1.313444681,0.000146653
Chir02Ox_b28010.2,2.172073586,0.000147916
Chir03Ox_b32090.2,1.477384721,0.000147916
Chir07Ox_b29310.2,1.316899619,0.000147916
Chir01Ox_b34230.2,1.184658823,0.000147916
Chir01Ox_b07320.2,1.230660294,0.000156029
Chir05Ox_b16870.2,1.225813379,0.000156109
Chir08Ox_b05170.2,1.231357979,0.000163807
Chir04Ox_b30060.2,3.004106797,0.000163812
Chir03Ox_b33390.2,1.22093725,0.000165379
Chir01Ox_b03110.2,1.405459504,0.000167566
Chir02Ox_b01050.2,2.054222125,0.000167885
Chir08Ox_b09860.2,1.290452925,0.000170685
Chir02Ox_b17130.2,1.522371038,0.000176928
Chir06Ox_b35970.2,2.327779663,0.000179625
Chir02Ox_b17940.2,1.274719187,0.000179625
Chir07Ox_b12980.2,1.529130778,0.000181314
Chir01Ox_b02050.2,1.404632393,0.000183304
Chir03Ox_b10080.2,1.251493018,0.000183316
Chir06Ox_b35750.2,1.226931983,0.000186167
Chir02Ox_b23470.2,1.527316964,0.000187629
Chir05Ox_b27600.2,1.095026644,0.000190041
Chir08Ox_b04260.2,1.772191427,0.000190117
Chir05Ox_b20290.2,1.28150955,0.000197104
Chir05Ox_b19140.2,2.280421879,0.000200754
Chir01Ox_b06520.2,1.851204035,0.000204241
Chir01Ox_b08650.2,1.172038426,0.000204241
Chir04Ox_b29120.2,1.274115044,0.000205266
Chir05Ox_b21040.2,1.134560347,0.000207318
Chir06Ox_b20850.2,1.141209101,0.000207807
Chir05Ox_b14580.2,1.2910397,0.000209312
Chir08Ox_b26770.2,1.25294155,0.000211396
Chir08Ox_b19210.2,1.455407655,0.000212537
Chir07Ox_b25130.2,1.524208199,0.000219076
Chir03Ox_b10460.2,1.534797516,0.00022094
Chir08Ox_b06440.2,1.153621019,0.000222609
Chir01Ox_b05950.2,1.219134793,0.0002303
Chir06Ox_b15130.2,1.428694603,0.000236248
Chir05Ox_b24650.2,1.277100577,0.000240094
Chir06Ox_b17700.2,1.279891159,0.000242957
Chir02Ox_b01150.2,2.086466373,0.000244132
Chir01Ox_b40560.2,1.236991366,0.000244132
Chir02Ox_b17160.2,1.172610582,0.00024554
Chir02Ox_b19650.2,1.55164466,0.000248023
Chir07Ox_b25150.2,1.22977681,0.000248023
Chir08Ox_b02510.2,1.940353474,0.000248204
Chir01Ox_b41760.2,2.228873347,0.00025611
Chir07Ox_b19990.2,1.658591531,0.000261631
Chir07Ox_b00810.2,1.41293005,0.000269806
Chir01Ox_b19310.2,2.140466812,0.000273793
Chir05Ox_b23580.2,1.6767211,0.000273793
Chir01Ox_b27620.2,3.080878487,0.000274766
Chir03Ox_b16530.2,1.814694797,0.000274766
Chir02Ox_b23700.2,2.318506409,0.000276737
Chir06Ox_b03550.2,1.186258827,0.000276809
Chir03Ox_b16900.2,2.51486809,0.000279909
Chir02Ox_b08480.2,1.254013162,0.000280017
Chir03Ox_b07400.2,1.247904604,0.000291085
Chir08Ox_b27790.2,1.397982427,0.000291318
Chir03Ox_b23680.2,1.173220815,0.000293673
Chir07Ox_b20930.2,1.189044475,0.000296217
Chir03Ox_b11680.2,2.669880089,0.000298414
Chir08Ox_b20160.2,2.34220196,0.000298414
Chir01Ox_b17490.2,2.836561831,0.000301645
Chir07Ox_b22410.2,2.092579571,0.000305227
Chir03Ox_b31030.2,1.305032554,0.000306545
Chir07Ox_b17030.2,1.178227594,0.000308183
Chir06Ox_b25660.2,1.223203424,0.000312022
Chir04Ox_b11220.2,1.474890144,0.000316823
Chir03Ox_b02180.2,1.94990244,0.000324588
Chir04Ox_b24170.2,2.546179706,0.000327938
Chir08Ox_b20930.2,2.060223787,0.000329264
Chir07Ox_b36600.2,1.324626153,0.000332501
Chir01Ox_b00580.2,1.331341732,0.000336018
Chir07Ox_b14930.2,1.283736727,0.000357058
Chir07Ox_b13190.2,1.167628083,0.000357058
Chir01Ox_b17630.2,1.164333862,0.000387325
Chir08Ox_b30140.2,1.753503084,0.000392653
Chir06Ox_b27040.2,2.018064584,0.00039785
Chir07Ox_b26570.2,1.54991026,0.000399097
Chir07Ox_b16160.2,1.453491618,0.000401449
Chir01Ox_b07000.2,1.198405312,0.000401449
Chir08Ox_b17090.2,1.444177515,0.000402885
Chir04Ox_b25020.2,1.131163313,0.000407623
Chir08Ox_b26030.2,1.193753106,0.000421854
Chir01Ox_b26990.2,1.154761489,0.000452423
Chir01Ox_b09430.2,1.161580842,0.000453905
Chir02Ox_b28020.2,1.081808562,0.000461304
Chir03Ox_b21050.2,2.091778521,0.000463263
Chir07Ox_b11890.2,2.083725848,0.000463263
Chir02Ox_b25100.2,1.174342274,0.00046805
Chir06Ox_b01570.2,1.3848092,0.000476219
Chir02Ox_b01760.2,1.464131797,0.000484529
Chir03Ox_b09110.2,2.597028114,0.00048595
Chir04Ox_b02330.2,1.113243697,0.000492538
Chir07Ox_b27360.2,1.243668826,0.000507405
Chir01Ox_b04750.2,1.395646995,0.000508451
Chir07Ox_b28080.2,1.118556322,0.000513407
Chir07Ox_b24890.2,1.166263425,0.000527085
Chir06Ox_b08600.2,1.885334567,0.000538675
Chir05Ox_b00820.2,1.121032754,0.000540741
Chir08Ox_b29000.2,1.148286498,0.00054405
Chir01Ox_b25130.2,1.119561026,0.00054405
Chir01Ox_b12470.2,1.129757593,0.000544429
Chir03Ox_b08220.2,1.900914801,0.000551321
Chir06Ox_b34100.2,1.215300481,0.000554326
Chir02Ox_b24830.2,1.076534016,0.000554326
Chir06Ox_b05750.2,1.743980097,0.000559703
Chir05Ox_b05170.2,1.242495368,0.000559703
Chir01Ox_b39320.2,1.40790393,0.000564367
Chir01Ox_b09870.2,1.407995375,0.000574482
Chir05Ox_b10800.2,1.708227116,0.000579293
Chir08Ox_b13660.2,1.214012838,0.000579293
Chir07Ox_b33520.2,1.794715117,0.000583281
Chir08Ox_b11770.2,1.454432427,0.000590641
Chir03Ox_b14990.2,1.216014734,0.000608498
Chir05Ox_b11890.2,2.376401706,0.000609649
Chir08Ox_b27980.2,1.23681094,0.000615156
Chir05Ox_b04220.2,1.099990134,0.00061573
Chir03Ox_b22440.2,1.084088479,0.0006225
Chir03Ox_b35100.2,1.976771822,0.000623026
Chir02Ox_b14770.2,1.968028578,0.000630086
Chir08Ox_b25080.2,1.831497933,0.000630086
Chir05Ox_b17510.2,1.089232059,0.000632011
Chir01Ox_b26620.2,1.114983678,0.000635694
Chir08Ox_b05130.2,1.587448281,0.000645851
Chir06Ox_b01650.2,1.379021739,0.000651498
Chir03Ox_b25700.2,1.142538286,0.000661366
Chir05Ox_b13440.2,1.694422723,0.000661623
Chir02Ox_b17830.2,1.355316249,0.000679591
Chir01Ox_b29400.2,1.313365881,0.000679591
Chir01Ox_b30750.2,1.191667808,0.000680611
Chir08Ox_b27140.2,1.099346017,0.000680611
Chir04Ox_b18830.2,1.090278376,0.000680611
Chir01Ox_b07060.2,1.090472002,0.000681775
Chir04Ox_b28850.2,1.079509066,0.000720538
Chir08Ox_b16310.2,1.482658458,0.000727093
Chir02Ox_b16640.2,1.075579281,0.000747526
Chir07Ox_b30670.2,1.032983125,0.000754935
Chir01Ox_b09680.2,1.298575654,0.00076093
Chir07Ox_b32160.2,1.515741251,0.000767309
Chir05Ox_b28620.2,1.271698029,0.000768685
Chir02Ox_b24460.2,1.645552546,0.000770721
Chir03Ox_b18810.2,1.358371555,0.000777337
Chir07Ox_b37110.2,1.181868757,0.000777713
Chir02Ox_b19210.2,2.559433731,0.000780558
Chir05Ox_b04620.2,1.612841654,0.000785377
Chir02Ox_b19200.2,1.157774241,0.000790343
Chir04Ox_b23860.2,1.58195654,0.000795784
Chir02Ox_b14120.2,2.48557979,0.000798949
Chir02Ox_b01490.2,2.037863287,0.000800487
Chir06Ox_b20070.2,1.732540655,0.000800487
Chir07Ox_b31280.2,1.114495861,0.000810284
Chir05Ox_b22460.2,1.125191077,0.0008427
Chir01Ox_b05400.2,2.410543759,0.000849068
Chir01Ox_b09170.2,1.135096691,0.000849068
Chir02Ox_b14740.2,1.128371892,0.000849068
Chir03Ox_b13980.2,2.255868552,0.000853814
Chir04Ox_b26380.2,1.836523794,0.000855588
Chir02Ox_b01590.2,1.629941528,0.000859529
Chir08Ox_b21780.2,1.128965076,0.000864223
Chir06Ox_b21660.2,1.687720155,0.000889394
Chir04Ox_b22220.2,1.369785762,0.000890014
Chir03Ox_b15270.2,1.158144874,0.000892289
Chir01Ox_b17710.2,1.195641556,0.000923046
Chir02Ox_b12390.2,1.613033931,0.000935742
Chir04Ox_b19080.2,1.057309123,0.000935742
Chir02Ox_b23820.2,1.106335723,0.000957715
Chir01Ox_b31350.2,1.175523423,0.000962447
Chir05Ox_b09720.2,1.09608893,0.000983386
Chir03Ox_b03270.2,1.576159126,0.001027445
Chir01Ox_b05770.2,1.460438943,0.001030129
Chir06Ox_b30900.2,1.060585167,0.001035543
Chir02Ox_b27090.2,1.417611477,0.001038942
Chir06Ox_b34760.2,1.028760022,0.001041408
Chir07Ox_b14570.2,1.112432322,0.001124433
Chir06Ox_b05120.2,1.319610682,0.001125324
Chir01Ox_b00770.2,1.34129516,0.001142376
Chir04Ox_b24370.2,1.092819296,0.001179712
Chir07Ox_b12480.2,1.565586309,0.001183566
Chir02Ox_b23690.2,1.150078675,0.001183566
Chir05Ox_b21840.2,2.061127186,0.001198445
Chir04Ox_b27000.2,1.054322685,0.001198445
Chir01Ox_b12210.2,1.124888864,0.001212425
Chir02Ox_b14160.2,1.052470828,0.001222061
Chir07Ox_b22730.2,1.265946353,0.00123591
Chir02Ox_b17310.2,1.181341492,0.001239437
Chir02Ox_b03790.2,2.310120582,0.00125018
Chir01Ox_b27610.2,1.294963857,0.001256526
Chir04Ox_b00820.2,1.087802578,0.001259173
Chir02Ox_b26870.2,1.966402606,0.001273591
Chir07Ox_b31890.2,1.598803527,0.001335222
Chir06Ox_b00130.2,1.901101559,0.001346252
Chir06Ox_b24180.2,2.100064445,0.001349527
Chir04Ox_b18550.2,1.164327145,0.001361392
Chir02Ox_b24400.2,1.022655363,0.001361392
Chir07Ox_b29990.2,1.65040436,0.001375917
Chir04Ox_b12010.2,1.150013941,0.001377205
Chir04Ox_b17860.2,1.789050788,0.001389992
Chir03Ox_b06340.2,1.038169796,0.001412572
Chir04Ox_b03710.2,1.463082353,0.001429186
Chir02Ox_b24750.2,1.046454809,0.00144222
Chir08Ox_b21020.2,1.327541067,0.001445628
Chir02Ox_b27080.2,2.670888373,0.001452715
Chir01Ox_b19110.2,1.118698402,0.001484677
Chir04Ox_b30490.2,1.877749844,0.001488898
Chir07Ox_b17220.2,1.485825381,0.001491352
Chir03Ox_b32780.2,1.871459556,0.001531022
Chir08Ox_b01650.2,1.06989053,0.00153384
Chir04Ox_b24420.2,1.033901787,0.001534463
Chir04Ox_b01670.2,1.164492275,0.001555422
Chir07Ox_b02190.2,1.836001669,0.001561267
Chir01Ox_b10850.2,1.567651227,0.001571079
Chir01Ox_b25120.2,1.043634478,0.001579357
Chir03Ox_b10470.2,1.09589204,0.001588076
Chir06Ox_b14560.2,1.048767858,0.001588655
Chir03Ox_b17680.2,1.305677897,0.001629964
Chir06Ox_b37340.2,3.376880631,0.001645151
Chir04Ox_b30930.2,1.558546829,0.001726058
Chir07Ox_b31270.2,1.491813581,0.001727273
Chir01Ox_b18050.2,1.022074609,0.001732082
Chir08Ox_b02640.2,2.380122209,0.001748391
Chir06Ox_b28020.2,1.011886183,0.001790489
Chir02Ox_b26910.2,1.051681315,0.001813467
Chir02Ox_b24290.2,1.090162706,0.001814697
Chir01Ox_b13440.2,1.024968228,0.001837587
Chir05Ox_b08910.2,1.138952502,0.001869099
Chir04Ox_b30710.2,1.882057727,0.002002041
Chir08Ox_b01050.2,1.364746087,0.002003603
Chir03Ox_b07930.2,2.104735706,0.002004226
Chir06Ox_b23580.2,1.13312959,0.002006273
Chir01Ox_b01540.2,1.196009065,0.002010175
Chir01Ox_b19370.2,1.584151149,0.002013357
Chir01Ox_b06800.2,1.067246903,0.002014459
Chir06Ox_b00460.2,1.088363672,0.002069353
Chir06Ox_b31570.2,1.222983206,0.002073506
Chir07Ox_b24420.2,1.141701808,0.002078663
Chir08Ox_b28980.2,1.096427869,0.002128421
Chir06Ox_b17140.2,1.158582622,0.002152607
Chir07Ox_b00580.2,1.207177381,0.002174982
Chir05Ox_b18810.2,1.192983361,0.002193867
Chir04Ox_b28840.2,1.188381125,0.002223511
Chir04Ox_b26020.2,1.103545147,0.002224326
Chir05Ox_b27430.2,1.321079515,0.002235432
Chir06Ox_b20840.2,1.186222394,0.002259427
Chir08Ox_b28300.2,1.008033223,0.00227502
Chir01Ox_b08490.2,1.463144035,0.002293396
Chir06Ox_b00850.2,1.06353259,0.002299925
Chir07Ox_b34650.2,1.443356259,0.002300583
Chir02Ox_b21540.2,1.999053115,0.002321268
Chir07Ox_b25630.2,1.095419293,0.002410378
Chir01Ox_b07070.2,1.351682507,0.002469879
Chir06Ox_b25610.2,1.420608844,0.002476801
Chir06Ox_b34200.2,1.544423973,0.002545
Chir07Ox_b27310.2,1.08374948,0.00258133
Chir06Ox_b06960.2,1.057054721,0.002592897
Chir02Ox_b25740.2,1.734545603,0.002604863
Chir07Ox_b35450.2,1.609883246,0.002604863
Chir08Ox_b10220.2,1.230524226,0.002635721
Chir04Ox_b13210.2,2.214531055,0.002648892
Chir03Ox_b10000.2,1.089947551,0.002648892
Chir01Ox_b06820.2,1.086233858,0.002648892
Chir08Ox_b29060.2,1.007521596,0.002648892
Chir08Ox_b05140.2,1.863692553,0.002772082
Chir08Ox_b01010.2,1.197587267,0.002782499
Chir02Ox_b01020.2,1.609210567,0.002832956
Chir04Ox_b08130.2,1.234843406,0.002832956
Chir03Ox_b01580.2,1.681661728,0.002868808
Chir07Ox_b30420.2,1.448296519,0.002897035
Chir03Ox_b10570.2,1.870427422,0.002950739
Chir03Ox_b02430.2,1.895481931,0.00296014
Chir03Ox_b23600.2,1.014006043,0.002983785
Chir05Ox_b13960.2,1.317001749,0.003091304
Chir08Ox_b16960.2,1.248241701,0.003099237
Chir07Ox_b31450.2,1.06154057,0.003154011
Chir04Ox_b20980.2,2.790663081,0.003226507
Chir01Ox_b11550.2,1.978611473,0.003272962
Chir04Ox_b23030.2,1.324883124,0.003282814
Chir04Ox_b27630.2,1.036008053,0.003297401
Chir03Ox_b08640.2,1.139637166,0.003448343
Chir02Ox_b18840.2,1.041970821,0.003464464
Chir06Ox_b17800.2,1.779007175,0.003464657
Chir06Ox_b03630.2,1.964407902,0.003494277
Chir08Ox_b29120.2,1.682151109,0.003508648
Chir06Ox_b05290.2,1.251089055,0.003508648
Chir03Ox_b32610.2,1.164301071,0.003586152
Chir07Ox_b22550.2,1.031281657,0.003586152
Chir08Ox_b10540.2,1.471091931,0.003600243
Chir06Ox_b37130.2,2.100126062,0.00364871
Chir07Ox_b12780.2,1.164307449,0.003698846
Chir08Ox_b20290.2,1.535127865,0.003912611
Chir06Ox_b19020.2,1.070848807,0.003928216
Chir05Ox_b23100.2,1.21220745,0.003956947
Chir02Ox_b01290.2,2.233395611,0.003967246
Chir04Ox_b30770.2,1.232026938,0.003972856
Chir03Ox_b33100.2,1.194886808,0.003986114
Chir08Ox_b05010.2,1.854728034,0.00404651
Chir08Ox_b26610.2,1.327313905,0.004095299
Chir08Ox_b28960.2,1.278477198,0.004131826
Chir07Ox_b24750.2,1.272701691,0.004131826
Chir01Ox_b32980.2,1.054422254,0.004175148
Chir03Ox_b34140.2,1.468506174,0.004239146
Chir07Ox_b35130.2,1.745266744,0.004287995
Chir03Ox_b15430.2,2.214800449,0.004320689
Chir03Ox_b30800.2,1.98733141,0.004419365
Chir02Ox_b21290.2,1.341924358,0.004551427
Chir01Ox_b23300.2,2.286741104,0.00458335
Chir03Ox_b06710.2,1.762901072,0.004605655
Chir05Ox_b23890.2,2.0797562,0.00465708
Chir04Ox_b22720.2,1.068742173,0.004663404
Chir08Ox_b00430.2,1.556171187,0.004755607
Chir01Ox_b34360.2,1.027045645,0.004857039
Chir04Ox_b23630.2,1.384176386,0.004861033
Chir07Ox_b32540.2,1.269216109,0.004992579
Chir08Ox_b29880.2,1.0412107,0.005023106
Chir02Ox_b22210.2,1.880732641,0.005071881
Chir01Ox_b27300.2,1.110190748,0.005206058
Chir08Ox_b15180.2,1.796783621,0.005307736
Chir05Ox_b25570.2,1.237846643,0.005399384
Chir05Ox_b11820.2,1.507358248,0.005432283
Chir08Ox_b15270.2,1.007727592,0.005436649
Chir02Ox_b16140.2,1.17574355,0.005454443
Chir01Ox_b09690.2,1.117862317,0.005742179
Chir05Ox_b10440.2,1.658847215,0.005752772
Chir08Ox_b29960.2,1.179321728,0.00576067
Chir01Ox_b16080.2,2.1735595,0.005785421
Chir07Ox_b31340.2,1.554869119,0.00580564
Chir01Ox_b25310.2,2.827379704,0.005894952
Chir02Ox_b12300.2,2.15049603,0.005932605
Chir01Ox_b10050.2,1.162772055,0.005932605
Chir08Ox_b29100.2,1.110094782,0.005949011
Chir01Ox_b15880.2,1.334975445,0.005984528
Chir07Ox_b37100.2,1.209714344,0.006109691
Chir04Ox_b00830.2,1.021494824,0.00612049
Chir05Ox_b22930.2,1.137644528,0.006154549
Chir07Ox_b33900.2,1.120079367,0.006187922
Chir03Ox_b09410.2,1.163884935,0.006443839
Chir01Ox_b00450.2,1.409254663,0.006455625
Chir02Ox_b25470.2,2.031587701,0.006573029
Chir08Ox_b08110.2,1.527475929,0.006622642
Chir08Ox_b05040.2,1.741658063,0.006697249
Chir01Ox_b10750.2,1.203815663,0.006721433
Chir06Ox_b27090.2,1.036474183,0.006722484
ChirPtOx_b00850.2,1.071584178,0.006909593
Chir06Ox_b08960.2,1.797340299,0.006955669
Chir02Ox_b23870.2,1.416833396,0.007036908
Chir08Ox_b14890.2,1.108373514,0.007061437
Chir02Ox_b00810.2,1.528992473,0.007137616
Chir08Ox_b21410.2,1.652903365,0.007260549
Chir02Ox_b08700.2,2.030031091,0.007268431
Chir07Ox_b31430.2,1.414113315,0.007268431
Chir06Ox_b03920.2,1.727038781,0.007372121
Chir05Ox_b16180.2,1.027220999,0.007375633
Chir08Ox_b27970.2,1.887350521,0.007398015
Chir02Ox_b03820.2,1.085946843,0.007472596
Chir01Ox_b29250.2,1.264166199,0.007588542
Chir03Ox_b32010.2,2.57688778,0.007641002
Chir07Ox_b20060.2,1.086051498,0.007667764
Chir07Ox_b14440.2,1.898438851,0.007827795
Chir04Ox_b13690.2,1.279090129,0.007965029
Chir08Ox_b09870.2,1.053198996,0.007965029
Chir07Ox_b36580.2,1.385125446,0.008146059
Chir07Ox_b16450.2,1.536628907,0.008247905
Chir06Ox_b03890.2,1.054418172,0.008278581
Chir05Ox_b15480.2,1.198725719,0.008399904
Chir07Ox_b13330.2,1.129790793,0.008404579
Chir05Ox_b23130.2,1.119783959,0.008585961
Chir01Ox_b39250.2,1.371430025,0.008605142
Chir01Ox_b13770.2,1.058900731,0.008623655
Chir04Ox_b08570.2,1.754106718,0.008624653
Chir02Ox_b26860.2,1.006853495,0.008730804
Chir07Ox_b14410.2,1.350585052,0.008761252
Chir07Ox_b35170.2,1.237067759,0.008853737
Chir05Ox_b18400.2,1.04146671,0.008853737
Chir06Ox_b35290.2,1.064915208,0.008983169
Chir07Ox_b29350.2,1.129195339,0.009015449
Chir08Ox_b23060.2,1.256476941,0.009122671
Chir08Ox_b00310.2,1.688918311,0.009123982
Chir02Ox_b07270.2,1.532296569,0.009190039
Chir01Ox_b19970.2,1.516817696,0.00925603
Chir04Ox_b26060.2,1.223543168,0.00925603
Chir08Ox_b19280.2,1.050175584,0.009336888
Chir03Ox_b18970.2,1.173516853,0.009579326
Chir04Ox_b05150.2,2.55453817,0.00961802
Chir04Ox_b18880.2,1.32958402,0.009629132
Chir07Ox_b20650.2,1.766450975,0.009848012
Chir01Ox_b08420.2,1.165719696,0.009909739
Chir02Ox_b23240.2,1.000134851,0.010168884
Chir02Ox_b12790.2,1.195427675,0.010458195
Chir07Ox_b12490.2,1.741862338,0.011063616
Chir05Ox_b07640.2,2.71649131,0.01143572
Chir01Ox_b15140.2,1.956900844,0.011478265
Chir06Ox_b37650.2,1.178831043,0.011550302
Chir07Ox_b21140.2,1.627862754,0.011573974
Chir08Ox_b15290.2,1.079679991,0.011720972
Chir01Ox_b23310.2,1.006735199,0.011720972
Chir07Ox_b24860.2,1.456624757,0.011756331
Chir03Ox_b16070.2,1.100309818,0.011756331
Chir01Ox_b07080.2,1.606976644,0.012192216
Chir01Ox_b05670.2,1.528166653,0.012284538
Chir02Ox_b24250.2,1.442974363,0.012507066
Chir06Ox_b28420.2,1.153487975,0.012701565
Chir03Ox_b29150.2,1.315136296,0.012847302
Chir01Ox_b25340.2,1.856785102,0.013033894
Chir04Ox_b20440.2,1.066254495,0.013060115
Chir08Ox_b20980.2,1.083618025,0.013426744
Chir01Ox_b39400.2,1.027997649,0.013558502
Chir01Ox_b40650.2,1.100410855,0.013669921
Chir04Ox_b23840.2,1.119489811,0.01389696
Chir07Ox_b02650.2,1.108673181,0.013958526
Chir01Ox_b11260.2,1.111815767,0.014008195
Chir02Ox_b20840.2,1.923996375,0.014524343
Chir03Ox_b29730.2,1.209855982,0.014550729
Chir06Ox_b05130.2,1.533248891,0.0146668
Chir03Ox_b22210.2,1.487340372,0.014762562
Chir01Ox_b04590.2,1.831087789,0.014988067
Chir02Ox_b21250.2,1.031104191,0.015238521
Chir01Ox_b01730.2,1.263878716,0.015251458
Chir08Ox_b07360.2,1.31555998,0.015388347
Chir05Ox_b03350.2,1.777468437,0.015583332
Chir01Ox_b06810.2,1.011793656,0.0159644
Chir07Ox_b06940.2,2.98205487,0.016284326
Chir03Ox_b23320.2,1.401310858,0.016988259
Chir02Ox_b27100.2,1.977031577,0.017173971
Chir08Ox_b20820.2,1.610492134,0.017485809
Chir04Ox_b11120.2,1.729443749,0.017755251
Chir02Ox_b13830.2,2.16815771,0.018492794
Chir01Ox_b19680.2,1.096205824,0.018514328
Chir08Ox_b01780.2,1.284072881,0.018555384
Chir06Ox_b21060.2,1.36476837,0.018573158
Chir07Ox_b17320.2,1.178029456,0.019278021
Chir03Ox_b00260.2,2.565700309,0.019773061
Chir08Ox_b14260.2,1.274597692,0.019888171
Chir01Ox_b29310.2,1.204283335,0.019888171
Chir03Ox_b06600.2,2.10478034,0.02004668
Chir01Ox_b00870.2,2.218665242,0.020281238
Chir03Ox_b34900.2,1.694671094,0.020819743
Chir07Ox_b13250.2,1.170346072,0.020862
Chir07Ox_b31460.2,1.098993303,0.020862
Chir07Ox_b28280.2,1.145510134,0.02103091
Chir02Ox_b01500.2,1.407279509,0.021095772
Chir03Ox_b16400.2,1.347841667,0.021179307
Chir05Ox_b13400.2,1.610118126,0.02161332
Chir06Ox_b11120.2,1.067062464,0.021618941
Chir03Ox_b11870.2,1.16523335,0.021884209
Chir02Ox_b06510.2,1.380333854,0.02198936
Chir01Ox_b44670.2,1.499305004,0.022628428
Chir04Ox_b29650.2,1.187373013,0.022785699
Chir07Ox_b29040.2,1.107117442,0.022859422
Chir03Ox_b14220.2,1.129527417,0.022907984
Chir03Ox_b03650.2,1.080322683,0.022993658
Chir08Ox_b26090.2,1.031686894,0.023092305
Chir06Ox_b15660.2,1.153004382,0.023788597
Chir08Ox_b29280.2,1.506000487,0.024585105
Chir06Ox_b13010.2,1.877536794,0.025004211
Chir08Ox_b30470.2,1.559979127,0.025022927
Chir03Ox_b03900.2,1.386489125,0.025117819
Chir03Ox_b17480.2,1.261264521,0.02576594
Chir03Ox_b02080.2,1.189811541,0.025996101
Chir03Ox_b35510.2,1.392248991,0.026340682
Chir04Ox_b11200.2,1.037889361,0.026601749
Chir01Ox_b44600.2,1.034489761,0.027164307
Chir04Ox_b17120.2,1.495978814,0.027280299
Chir05Ox_b21580.2,1.270051917,0.027463573
Chir04Ox_b19440.2,1.070663043,0.02808322
Chir02Ox_b20330.2,1.048343743,0.028084334
Chir01Ox_b27120.2,2.059252379,0.028920275
Chir07Ox_b35590.2,1.580838204,0.029114676
Chir05Ox_b04340.2,1.187701308,0.029863476
Chir01Ox_b35090.2,1.184240478,0.030128349
Chir05Ox_b28020.2,1.232977179,0.030400419
Chir04Ox_b09920.2,1.598266614,0.030618547
Chir08Ox_b08330.2,1.316600097,0.030627784
ChirPtOx_b00840.2,1.046999108,0.030647711
Chir03Ox_b24220.2,1.080817112,0.031433149
Chir05Ox_b27510.2,1.388788048,0.031965507
ChirPtOx_b00830.2,1.241495593,0.032237276
Chir06Ox_b06080.2,1.505769009,0.032820996
Chir05Ox_b23470.2,1.28823428,0.033589099
Chir02Ox_b20580.2,2.321492137,0.034053575
Chir04Ox_b06960.2,1.207463299,0.035383132
Chir07Ox_b05540.2,1.527899867,0.036174796
Chir04Ox_b25260.2,1.265896281,0.036440883
Chir05Ox_b22720.2,1.488779958,0.036931646
Chir01Ox_b03890.2,1.017855139,0.037256252
Chir03Ox_b15910.2,1.582259248,0.037300913
Chir04Ox_b20690.2,1.127694639,0.037586159
Chir03Ox_b13790.2,1.084701436,0.037744768
Chir06Ox_b04190.2,1.252104671,0.038059707
Chir01Ox_b05420.2,1.259588369,0.03863167
Chir03Ox_b31560.2,1.274803599,0.038650571
Chir03Ox_b31410.2,1.215437962,0.039303084
Chir07Ox_b02640.2,1.371744036,0.039472257
Chir05Ox_b06970.2,2.461022935,0.039533675
Chir08Ox_b01270.2,1.248423221,0.039798107
Chir01Ox_b02400.2,1.352769674,0.04012191
Chir07Ox_b04880.2,1.358139008,0.040123389
Chir05Ox_b25190.2,1.673341645,0.040276352
Chir05Ox_b27410.2,1.05189793,0.041559084
Chir06Ox_b03570.2,1.083107872,0.042464635
Chir07Ox_b25320.2,1.529531947,0.043691735
Chir06Ox_b27970.2,1.099401827,0.043917139
Chir01Ox_b42940.2,1.408088711,0.045053876
Chir03Ox_b08040.2,1.356055435,0.045223648
Chir01Ox_b01330.2,1.467336862,0.046621973
Chir08Ox_b00040.2,1.410791475,0.046621973
Chir03Ox_b28620.2,1.248504043,0.04674855
Chir03Ox_b08340.2,1.607459544,0.046754676
Chir08Ox_b28800.2,1.225495433,0.047719547
Chir08Ox_b15000.2,1.002475025,0.047778197
Chir04Ox_b18190.2,1.887089173,0.048394328
Chir01Ox_b08670.2,1.331694427,0.049307988